-- MySQL dump 10.13  Distrib 8.0.12, for Linux (x86_64)
--
-- Host: localhost    Database: ca
-- ------------------------------------------------------
-- Server version	8.0.12

/*!40101 SET @OLD_CHARACTER_SET_CLIENT=@@CHARACTER_SET_CLIENT */;
/*!40101 SET @OLD_CHARACTER_SET_RESULTS=@@CHARACTER_SET_RESULTS */;
/*!40101 SET @OLD_COLLATION_CONNECTION=@@COLLATION_CONNECTION */;
 SET NAMES utf8mb4 ;
/*!40103 SET @OLD_TIME_ZONE=@@TIME_ZONE */;
/*!40103 SET TIME_ZONE='+00:00' */;
/*!40014 SET @OLD_UNIQUE_CHECKS=@@UNIQUE_CHECKS, UNIQUE_CHECKS=0 */;
/*!40014 SET @OLD_FOREIGN_KEY_CHECKS=@@FOREIGN_KEY_CHECKS, FOREIGN_KEY_CHECKS=0 */;
/*!40101 SET @OLD_SQL_MODE=@@SQL_MODE, SQL_MODE='NO_AUTO_VALUE_ON_ZERO' */;
/*!40111 SET @OLD_SQL_NOTES=@@SQL_NOTES, SQL_NOTES=0 */;

--
-- Table structure for table `r_workorder_keyword`
--

DROP TABLE IF EXISTS `r_workorder_keyword`;
/*!40101 SET @saved_cs_client     = @@character_set_client */;
 SET character_set_client = utf8mb4 ;
CREATE TABLE `r_workorder_keyword` (
  `id` bigint(20) NOT NULL AUTO_INCREMENT,
  `create_time` datetime NOT NULL,
  `update_time` datetime NOT NULL,
  `workorder_id` bigint(20) NOT NULL,
  `keyword_id` bigint(20) NOT NULL,
  PRIMARY KEY (`id`),
  UNIQUE KEY `workorder_id` (`workorder_id`,`keyword_id`)
) ENGINE=InnoDB AUTO_INCREMENT=2108 DEFAULT CHARSET=utf8;
/*!40101 SET character_set_client = @saved_cs_client */;

--
-- Dumping data for table `r_workorder_keyword`
--

LOCK TABLES `r_workorder_keyword` WRITE;
/*!40000 ALTER TABLE `r_workorder_keyword` DISABLE KEYS */;
INSERT INTO `r_workorder_keyword` VALUES (1,'2017-11-10 17:45:15','2017-11-10 17:45:15',2,1),(2,'2017-11-13 18:36:12','2017-11-13 18:36:12',4,2),(3,'2017-11-13 18:50:14','2017-11-13 18:50:14',5,4),(4,'2017-11-13 18:51:30','2017-11-13 18:51:30',6,5),(5,'2017-11-13 18:57:19','2017-11-13 18:57:19',7,2),(6,'2017-11-13 19:15:50','2017-11-13 19:15:50',10,8),(7,'2017-11-13 19:18:17','2017-11-13 19:18:17',11,10),(8,'2017-11-13 19:19:52','2017-11-13 19:19:52',12,11),(9,'2017-11-14 09:41:29','2017-11-14 09:41:29',13,12),(10,'2017-11-14 09:44:43','2017-11-14 09:44:43',14,13),(11,'2017-11-14 09:44:43','2017-11-14 09:44:43',14,14),(12,'2017-11-14 09:55:39','2017-11-14 09:55:39',15,4),(13,'2017-11-14 09:55:39','2017-11-14 09:55:39',15,7),(14,'2017-11-14 10:03:09','2017-11-14 10:03:09',16,2),(15,'2017-11-14 10:03:09','2017-11-14 10:03:09',16,15),(16,'2017-11-14 10:11:38','2017-11-14 10:11:38',17,14),(17,'2017-11-14 10:11:38','2017-11-14 10:11:38',17,16),(18,'2017-11-14 11:18:10','2017-11-17 18:29:19',18,17),(19,'2017-11-14 11:18:10','2017-11-14 11:18:10',18,18),(20,'2017-11-14 13:18:01','2017-11-14 13:18:01',19,19),(21,'2017-11-14 13:18:01','2017-11-14 13:18:01',19,20),(22,'2017-11-14 13:20:48','2017-11-14 13:20:48',20,4),(23,'2017-11-14 13:20:48','2017-11-14 13:20:48',20,21),(24,'2017-11-14 13:20:48','2017-11-14 13:20:48',20,22),(25,'2017-11-14 15:46:40','2017-11-14 15:46:40',21,23),(26,'2017-11-14 15:46:40','2017-11-14 15:46:40',21,24),(27,'2017-11-14 17:03:41','2017-11-14 17:03:41',23,22),(28,'2017-11-14 17:03:41','2017-11-14 17:03:41',23,24),(29,'2017-11-14 17:10:42','2017-11-16 17:23:11',24,23),(30,'2017-11-14 17:10:42','2017-11-16 17:23:11',24,27),(31,'2017-11-14 17:14:00','2017-11-14 17:14:00',25,23),(32,'2017-11-14 17:14:00','2017-11-14 17:14:00',25,28),(33,'2017-11-14 17:20:15','2017-11-14 17:20:15',26,5),(34,'2017-11-14 17:22:40','2017-11-15 18:50:55',27,22),(35,'2017-11-14 17:22:40','2017-11-14 17:22:40',27,29),(36,'2017-11-14 17:32:43','2017-11-14 17:32:43',28,26),(37,'2017-11-14 17:32:43','2017-11-15 18:53:37',28,30),(38,'2017-11-14 17:47:06','2017-11-14 17:47:06',29,1),(39,'2017-11-14 17:47:06','2017-11-17 14:54:58',29,29),(40,'2017-11-14 17:47:06','2017-11-14 17:47:06',29,31),(41,'2017-11-15 09:45:31','2017-11-15 09:45:31',30,32),(42,'2017-11-15 09:45:31','2017-11-15 09:45:31',30,33),(43,'2017-11-15 09:45:31','2017-11-15 09:45:31',30,35),(44,'2017-11-15 09:52:43','2017-11-15 09:52:43',31,23),(45,'2017-11-15 09:52:43','2017-11-15 09:52:43',31,36),(46,'2017-11-15 09:56:16','2017-11-15 09:56:16',32,37),(47,'2017-11-15 09:56:16','2017-11-15 09:56:16',32,38),(48,'2017-11-15 10:13:26','2017-11-15 10:13:26',34,5),(49,'2017-11-15 10:13:26','2017-11-15 10:13:26',34,40),(50,'2017-11-15 10:20:15','2017-11-15 10:20:15',36,10),(51,'2017-11-15 10:20:15','2017-11-15 10:20:15',36,44),(52,'2017-11-15 10:22:45','2017-11-15 10:22:45',37,45),(53,'2017-11-15 10:22:45','2017-11-15 10:22:45',37,46),(54,'2017-11-15 10:29:30','2017-11-15 18:47:55',38,4),(55,'2017-11-15 10:29:30','2017-11-15 10:29:30',38,39),(56,'2017-11-15 10:29:30','2017-11-15 18:47:55',38,47),(57,'2017-11-15 10:51:36','2017-11-15 18:43:26',40,23),(58,'2017-11-15 10:51:36','2017-11-15 10:51:36',40,49),(59,'2017-11-15 10:51:36','2017-11-17 14:14:00',40,50),(60,'2017-11-13 18:51:30','2017-11-15 14:02:31',6,23),(61,'2017-11-13 18:51:30','2017-11-15 14:02:31',6,48),(62,'2017-11-13 18:51:30','2017-11-28 10:54:53',6,49),(63,'2017-11-13 18:51:30','2017-11-27 13:09:09',6,50),(64,'2017-11-15 15:44:00','2017-11-15 15:44:00',49,5),(65,'2017-11-15 15:44:00','2017-11-17 14:25:14',49,51),(66,'2017-11-15 15:46:59','2017-11-15 15:46:59',50,45),(67,'2017-11-15 15:46:59','2017-11-16 10:18:28',50,52),(68,'2017-11-15 15:58:38','2017-11-15 15:58:38',51,22),(69,'2017-11-15 15:58:38','2017-11-15 15:58:38',51,53),(70,'2017-11-15 15:58:38','2017-11-15 15:58:38',51,55),(71,'2017-11-15 18:01:03','2017-11-15 18:01:03',52,10),(72,'2017-11-15 18:01:03','2017-11-15 18:01:03',52,16),(73,'2017-11-15 18:01:03','2017-11-15 18:01:03',52,44),(74,'2017-11-15 18:01:03','2017-11-15 18:01:03',52,56),(75,'2017-11-15 18:05:23','2017-11-15 18:05:23',53,42),(76,'2017-11-15 18:05:23','2017-11-15 18:05:23',53,57),(77,'2017-11-15 18:05:23','2017-11-15 18:05:23',53,58),(78,'2017-11-15 18:11:42','2017-11-15 18:11:42',54,51),(79,'2017-11-15 18:11:42','2017-11-15 18:11:42',54,59),(80,'2017-11-15 18:11:42','2017-11-15 18:11:42',54,60),(81,'2017-11-15 18:14:11','2017-11-15 18:14:11',55,15),(82,'2017-11-15 18:14:11','2017-11-15 18:14:11',55,46),(83,'2017-11-15 18:19:46','2017-11-15 18:19:46',56,8),(84,'2017-11-15 18:19:46','2017-11-15 18:19:46',56,61),(85,'2017-11-13 18:57:19','2017-11-15 18:22:49',7,19),(86,'2017-11-13 18:57:19','2017-11-15 18:22:49',7,22),(87,'2017-11-13 18:57:19','2017-11-15 18:22:49',7,24),(88,'2017-11-13 18:57:19','2017-11-15 18:22:49',7,61),(89,'2017-11-15 18:25:36','2017-11-15 18:25:36',58,62),(90,'2017-11-15 18:25:36','2017-11-15 18:25:36',58,63),(91,'2017-11-15 18:30:30','2017-11-15 18:30:30',59,45),(92,'2017-11-15 18:30:30','2017-11-15 18:30:30',59,52),(93,'2017-11-15 18:33:12','2017-11-15 18:33:12',60,13),(94,'2017-11-15 18:33:12','2017-11-15 18:33:12',60,64),(95,'2017-11-15 18:35:28','2017-11-15 18:35:28',61,51),(96,'2017-11-15 18:35:28','2017-11-15 18:35:28',61,65),(97,'2017-11-15 18:35:28','2017-11-15 18:36:08',61,31),(98,'2017-11-15 18:37:52','2017-11-15 18:37:52',63,53),(99,'2017-11-15 18:37:52','2017-11-15 18:37:52',63,55),(100,'2017-11-15 10:51:36','2017-11-15 18:43:26',40,19),(103,'2017-11-15 10:22:45','2017-11-15 18:45:01',37,67),(106,'2017-11-14 17:22:40','2017-11-15 18:50:55',27,48),(108,'2017-11-14 17:32:43','2017-11-15 18:53:37',28,32),(109,'2017-11-14 17:32:43','2017-11-15 18:53:37',28,33),(110,'2017-11-14 17:32:43','2017-11-15 18:53:37',28,35),(111,'2017-11-13 18:50:14','2017-11-17 18:08:37',5,38),(112,'2017-11-13 18:50:14','2017-11-16 09:58:23',5,56),(113,'2017-11-16 10:01:53','2017-11-16 10:01:53',65,5),(114,'2017-11-16 10:01:53','2017-11-16 10:01:53',65,49),(115,'2017-11-16 10:01:53','2017-11-16 10:01:53',65,68),(116,'2017-11-14 17:47:06','2017-11-16 10:06:33',29,15),(117,'2017-11-14 17:47:06','2017-11-16 10:06:33',29,70),(118,'2017-11-14 17:47:06','2017-11-17 14:54:58',29,71),(120,'2017-11-14 10:11:38','2017-11-16 10:13:03',17,44),(121,'2017-11-14 10:11:38','2017-11-16 10:13:03',17,47),(122,'2017-11-14 10:11:38','2017-11-16 10:13:03',17,72),(123,'2017-11-16 10:16:23','2017-11-16 10:16:23',68,36),(124,'2017-11-16 10:16:23','2017-11-16 10:16:23',68,49),(126,'2017-11-16 10:32:03','2017-11-16 10:32:03',70,2),(127,'2017-11-16 10:32:03','2017-11-16 10:32:03',70,15),(128,'2017-11-16 10:32:03','2017-11-16 10:32:03',70,73),(129,'2017-11-16 10:39:20','2017-11-16 10:39:20',71,15),(130,'2017-11-16 10:39:20','2017-11-16 10:39:20',71,45),(131,'2017-11-16 10:39:20','2017-11-16 10:39:20',71,52),(132,'2017-11-16 10:39:20','2017-11-16 10:39:20',71,74),(133,'2017-11-16 10:39:20','2017-11-16 10:39:20',71,75),(134,'2017-11-16 11:09:22','2017-11-23 11:22:13',72,49),(135,'2017-11-16 11:09:22','2017-11-16 11:09:22',72,51),(136,'2017-11-16 11:09:22','2017-11-16 11:09:22',72,68),(137,'2017-11-16 11:09:22','2017-11-23 11:22:13',72,76),(138,'2017-11-16 10:39:20','2017-11-16 11:19:13',71,49),(139,'2017-11-16 10:39:20','2017-11-16 11:19:13',71,77),(140,'2017-11-16 11:21:10','2017-11-16 11:21:10',74,52),(141,'2017-11-16 11:29:17','2017-11-16 11:29:17',75,78),(142,'2017-11-16 11:29:17','2017-11-16 11:29:17',75,79),(143,'2017-11-16 10:39:20','2017-11-16 11:31:16',71,51),(144,'2017-11-16 10:39:20','2017-11-16 11:31:16',71,80),(145,'2017-11-16 11:09:22','2017-11-16 11:51:55',72,12),(146,'2017-11-15 10:13:26','2017-11-16 15:29:00',34,51),(147,'2017-11-15 10:13:26','2017-11-22 14:18:32',34,81),(150,'2017-11-16 17:25:42','2017-11-20 18:34:16',80,52),(152,'2017-11-15 15:44:00','2017-11-22 13:16:21',49,2),(153,'2017-11-15 15:44:00','2017-11-17 14:25:14',49,54),(155,'2017-11-15 10:51:36','2017-11-17 14:39:08',40,72),(156,'2017-11-14 17:47:06','2017-11-17 14:54:58',29,2),(159,'2017-11-17 15:28:42','2017-11-17 15:28:42',85,15),(160,'2017-11-17 15:28:42','2017-11-17 15:28:42',85,82),(161,'2017-11-14 13:20:48','2017-11-17 17:40:52',20,19),(162,'2017-11-14 13:20:48','2017-11-17 17:40:52',20,23),(163,'2017-11-14 13:20:48','2017-11-17 17:40:52',20,25),(164,'2017-11-14 13:20:48','2017-11-17 17:40:52',20,45),(165,'2017-11-14 13:20:48','2017-11-17 17:40:52',20,75),(166,'2017-11-14 17:20:15','2017-11-17 17:42:47',26,19),(167,'2017-11-14 17:20:15','2017-11-17 17:42:47',26,23),(168,'2017-11-14 17:20:15','2017-11-17 17:42:47',26,49),(169,'2017-11-14 17:20:15','2017-11-17 17:42:47',26,75),(170,'2017-11-13 18:50:14','2017-11-17 18:08:37',5,74),(172,'2017-11-14 11:18:10','2017-11-17 18:29:19',18,51),(173,'2017-11-14 11:18:10','2017-11-17 18:29:19',18,83),(174,'2017-11-14 11:18:10','2017-11-17 18:29:19',18,84),(176,'2017-11-20 18:46:16','2017-11-20 18:46:16',87,2),(177,'2017-11-20 18:46:16','2017-11-20 18:46:16',87,85),(178,'2017-11-14 17:32:43','2017-11-20 18:49:55',28,4),(179,'2017-11-14 17:32:43','2017-11-20 18:49:55',28,51),(180,'2017-11-14 17:32:43','2017-11-20 18:49:55',28,77),(181,'2017-11-14 17:32:43','2017-11-20 18:49:55',28,84),(182,'2017-11-15 15:44:00','2017-12-15 15:07:09',49,71),(184,'2017-11-22 13:28:42','2017-11-22 13:28:42',89,1),(185,'2017-11-22 13:28:42','2017-11-22 13:28:42',89,3),(186,'2017-11-15 10:13:26','2017-11-22 14:18:32',34,29),(187,'2017-11-15 10:13:26','2017-11-22 14:18:32',34,49),(188,'2017-11-15 10:13:26','2017-11-22 14:18:32',34,50),(189,'2017-11-14 09:44:43','2017-11-23 10:13:48',14,86),(190,'2017-11-14 09:44:43','2017-11-23 10:13:48',14,87),(191,'2017-11-14 09:44:43','2017-11-23 10:13:48',14,88),(192,'2017-11-16 11:09:22','2017-11-23 11:22:13',72,40),(193,'2017-11-16 11:09:22','2017-11-23 11:22:13',72,81),(194,'2017-11-16 11:09:22','2017-11-23 11:22:13',72,89),(195,'2017-11-27 09:40:24','2017-11-27 09:40:24',90,13),(196,'2017-11-27 09:40:24','2017-11-27 09:40:24',90,90),(197,'2017-11-27 09:40:24','2017-11-27 09:40:24',90,91),(198,'2017-11-27 09:40:24','2017-11-27 09:40:24',90,92),(200,'2017-11-27 14:14:58','2017-11-27 14:14:58',93,29),(201,'2017-11-27 18:28:26','2017-11-27 18:28:26',94,23),(202,'2017-11-27 18:28:26','2017-11-27 18:28:26',94,93),(203,'2017-11-27 18:28:26','2017-11-27 18:28:26',94,94),(204,'2017-11-27 18:39:38','2017-11-27 18:39:38',95,31),(205,'2017-11-27 18:39:38','2017-11-27 18:39:38',95,47),(206,'2017-11-27 18:39:38','2017-11-27 18:39:38',95,95),(207,'2017-11-27 18:41:20','2017-11-27 18:41:20',96,2),(208,'2017-11-27 18:41:20','2017-11-27 18:41:20',96,3),(209,'2017-11-27 18:41:20','2017-11-27 18:41:20',96,23),(210,'2017-11-15 18:05:23','2017-11-27 18:44:24',53,5),(211,'2017-11-27 18:48:01','2017-11-27 18:48:01',98,31),(212,'2017-11-27 18:48:01','2017-11-27 18:48:01',98,94),(213,'2017-11-27 18:58:04','2017-11-28 09:39:21',99,35),(214,'2017-11-27 18:58:04','2017-11-27 18:58:04',99,97),(215,'2017-11-27 18:58:04','2017-11-27 18:58:04',99,98),(216,'2017-11-27 18:58:04','2017-11-27 18:58:04',99,99),(217,'2017-11-27 18:58:04','2017-11-28 09:39:21',99,2),(218,'2017-11-27 18:58:04','2017-11-28 09:39:21',99,100),(220,'2017-11-28 09:46:03','2017-11-28 09:46:03',101,3),(221,'2017-11-28 09:46:03','2017-11-28 15:18:59',101,49),(222,'2017-11-28 09:46:03','2017-11-28 09:46:03',101,101),(223,'2017-11-13 18:51:30','2017-11-28 10:54:53',6,102),(224,'2017-11-13 18:51:30','2017-11-28 10:54:53',6,103),(226,'2017-11-28 14:22:32','2017-11-28 14:22:32',103,92),(227,'2017-11-28 14:22:32','2017-11-28 14:22:32',103,94),(228,'2017-11-28 14:31:19','2017-11-28 14:31:19',104,31),(229,'2017-11-28 14:31:19','2017-11-28 14:31:19',104,49),(230,'2017-11-28 14:31:19','2017-11-28 14:31:19',104,94),(231,'2017-11-28 14:31:19','2017-11-28 14:31:19',104,104),(232,'2017-11-28 14:50:38','2017-11-28 14:50:38',106,105),(233,'2017-11-28 14:50:38','2017-11-28 14:50:38',106,106),(234,'2017-11-28 14:54:41','2017-11-28 14:54:41',107,51),(235,'2017-11-28 14:54:41','2017-11-28 14:54:41',107,107),(236,'2017-11-28 14:59:15','2017-11-28 14:59:15',108,4),(237,'2017-11-28 14:59:15','2017-11-28 14:59:15',108,31),(238,'2017-11-28 14:59:15','2017-11-28 14:59:15',108,51),(239,'2017-11-28 14:59:15','2017-11-28 14:59:15',108,94),(240,'2017-11-28 09:46:03','2017-11-28 15:18:59',101,31),(241,'2017-11-28 09:46:03','2017-11-28 15:18:59',101,94),(242,'2017-11-28 09:46:03','2017-11-28 15:18:59',101,104),(244,'2017-11-28 15:29:39','2017-11-28 15:29:39',110,31),(245,'2017-11-28 15:29:39','2017-11-28 15:29:39',110,38),(246,'2017-11-28 15:29:39','2017-11-28 15:29:39',110,51),(247,'2017-11-28 15:29:39','2017-11-28 15:29:39',110,94),(248,'2017-11-28 15:29:39','2017-11-28 15:29:39',110,108),(249,'2017-11-28 15:31:26','2017-12-01 11:17:11',111,109),(250,'2017-11-28 15:31:26','2017-12-01 11:17:11',111,110),(251,'2017-11-28 15:31:26','2017-12-01 11:17:11',111,111),(252,'2017-11-28 15:31:26','2017-11-28 15:32:30',111,25),(256,'2017-11-28 18:26:06','2017-11-28 18:26:21',113,7),(257,'2017-11-28 18:26:06','2017-11-28 18:26:21',113,86),(259,'2017-11-28 18:31:19','2017-11-28 18:31:19',115,19),(260,'2017-11-28 18:31:19','2017-11-28 18:31:19',115,48),(261,'2017-11-28 18:31:19','2017-11-28 18:31:19',115,50),(262,'2017-11-28 18:35:22','2017-11-30 15:02:48',116,38),(263,'2017-11-28 18:35:22','2017-11-28 18:35:22',116,56),(264,'2017-11-28 18:40:12','2017-11-28 18:40:12',117,112),(265,'2017-11-28 18:42:11','2017-11-28 18:42:30',118,49),(266,'2017-11-28 18:42:11','2017-11-28 18:42:30',118,46),(267,'2017-11-29 09:43:17','2017-11-29 09:43:17',119,38),(268,'2017-11-29 09:43:17','2017-11-29 09:43:17',119,46),(269,'2017-11-29 09:43:17','2017-11-29 09:43:17',119,49),(270,'2017-11-15 18:05:23','2017-11-29 10:48:20',53,90),(271,'2017-11-15 18:05:23','2017-11-29 10:48:20',53,91),(272,'2017-11-15 18:05:23','2017-11-29 10:48:20',53,92),(273,'2017-11-15 18:05:23','2017-11-29 10:48:20',53,93),(274,'2017-11-29 14:53:20','2017-11-30 09:58:24',121,54),(275,'2017-11-29 14:57:51','2017-11-29 14:57:51',122,15),(276,'2017-11-29 14:57:51','2017-11-29 14:57:51',122,23),(277,'2017-11-29 14:57:51','2017-11-29 14:57:51',122,113),(278,'2017-11-29 15:08:14','2017-11-29 15:08:14',123,35),(279,'2017-11-29 15:08:14','2017-11-29 15:08:14',123,54),(280,'2017-11-29 15:08:14','2017-11-29 16:05:05',123,114),(281,'2017-11-29 15:08:14','2017-11-29 16:05:05',123,115),(282,'2017-11-29 15:12:36','2017-11-29 15:12:36',124,116),(283,'2017-11-29 15:21:22','2017-11-29 15:21:22',125,54),(284,'2017-11-29 15:21:22','2017-11-29 15:21:22',125,100),(285,'2017-11-29 15:21:22','2017-11-29 15:21:22',125,117),(286,'2017-11-29 15:37:09','2017-11-30 17:16:27',126,9),(287,'2017-11-29 15:37:09','2017-11-30 17:16:27',126,54),(288,'2017-11-29 15:37:09','2017-11-29 15:37:09',126,79),(289,'2017-11-29 15:37:09','2017-11-29 15:37:09',126,117),(290,'2017-11-29 15:45:08','2017-11-29 15:45:08',127,31),(291,'2017-11-29 15:45:08','2017-11-29 15:45:08',127,108),(292,'2017-11-29 15:51:17','2017-11-29 15:51:17',128,92),(293,'2017-11-28 18:26:06','2017-11-29 15:52:36',113,116),(294,'2017-11-28 18:26:06','2017-11-29 15:52:36',113,117),(295,'2017-11-29 16:00:03','2017-11-29 16:00:03',130,118),(298,'2017-11-28 14:31:19','2017-11-29 16:09:24',104,9),(299,'2017-11-29 16:13:25','2017-11-29 16:13:25',133,49),(300,'2017-11-29 15:21:22','2017-11-29 18:09:24',125,113),(301,'2017-11-30 09:35:55','2017-11-30 09:35:55',134,23),(302,'2017-11-30 09:35:55','2017-11-30 09:35:55',134,40),(303,'2017-11-30 09:35:55','2017-11-30 09:35:55',134,49),(304,'2017-11-30 09:35:55','2017-11-30 09:35:55',134,113),(305,'2017-11-30 09:35:55','2017-11-30 09:35:55',134,119),(306,'2017-11-30 09:35:55','2017-11-30 09:35:55',134,120),(307,'2017-11-30 09:40:28','2017-11-30 09:40:28',135,23),(308,'2017-11-30 09:40:28','2017-11-30 09:40:28',135,35),(309,'2017-11-30 09:40:28','2017-11-30 09:40:28',135,54),(310,'2017-11-30 09:40:28','2017-11-30 09:40:28',135,100),(311,'2017-11-30 09:40:28','2017-11-30 09:40:28',135,113),(312,'2017-11-30 09:40:28','2017-11-30 09:40:28',135,124),(313,'2017-11-30 09:40:28','2017-11-30 09:40:28',135,126),(314,'2017-11-30 09:43:04','2017-11-30 09:43:04',136,127),(315,'2017-11-30 09:43:04','2017-11-30 09:43:04',136,128),(316,'2017-11-29 14:53:20','2017-11-30 09:58:24',121,62),(318,'2017-11-30 09:35:55','2017-11-30 10:50:46',134,63),(319,'2017-11-30 09:35:55','2017-11-30 10:50:46',134,70),(320,'2017-11-29 15:21:22','2017-11-30 10:53:55',125,2),(321,'2017-11-29 15:21:22','2017-11-30 10:53:55',125,125),(322,'2017-11-29 15:21:22','2017-11-30 10:53:55',125,126),(323,'2017-11-30 11:12:03','2017-11-30 14:48:29',140,2),(324,'2017-11-30 11:12:03','2017-11-30 11:12:03',140,125),(325,'2017-11-30 11:12:03','2017-11-30 11:12:03',140,126),(326,'2017-11-30 11:19:55','2017-12-06 18:41:13',141,9),(327,'2017-11-30 11:19:55','2017-11-30 11:19:55',141,31),(328,'2017-11-30 11:19:55','2017-12-06 18:41:13',141,45),(329,'2017-11-30 11:19:55','2017-11-30 11:19:55',141,113),(330,'2017-11-30 11:33:25','2017-11-30 11:33:25',142,129),(331,'2017-11-30 11:33:25','2017-11-30 11:33:25',142,130),(332,'2017-11-30 11:33:25','2017-11-30 11:33:25',142,131),(333,'2017-11-30 11:41:41','2017-11-30 11:41:41',143,38),(334,'2017-11-30 11:41:41','2017-11-30 11:41:41',143,114),(335,'2017-11-30 11:41:41','2017-11-30 11:41:41',143,132),(336,'2017-11-30 11:12:03','2017-11-30 14:48:29',140,23),(337,'2017-11-30 11:12:03','2017-11-30 16:53:41',140,54),(338,'2017-11-30 11:12:03','2017-11-30 14:48:29',140,100),(339,'2017-11-30 11:12:03','2017-11-30 16:53:41',140,133),(341,'2017-11-28 18:35:22','2017-11-30 15:02:48',116,51),(342,'2017-11-28 18:35:22','2017-11-30 15:02:48',116,108),(344,'2017-11-30 16:51:51','2017-11-30 16:51:51',146,33),(345,'2017-11-30 16:51:51','2017-12-01 10:25:13',146,38),(346,'2017-11-30 16:51:51','2017-12-01 10:25:13',146,134),(347,'2017-11-30 11:12:03','2017-11-30 16:53:41',140,35),(348,'2017-11-30 11:12:03','2017-11-30 16:53:41',140,51),(351,'2017-11-30 16:58:05','2017-11-30 16:58:05',148,135),(352,'2017-11-30 17:04:16','2017-11-30 17:04:16',149,2),(353,'2017-11-30 17:04:16','2017-11-30 17:04:16',149,45),(354,'2017-11-30 17:04:16','2017-11-30 17:04:16',149,125),(355,'2017-11-30 17:04:16','2017-11-30 17:04:16',149,136),(356,'2017-11-30 17:13:24','2017-11-30 17:13:24',150,54),(357,'2017-11-30 17:13:24','2017-11-30 17:13:24',150,55),(358,'2017-11-29 15:37:09','2017-11-30 17:16:27',126,35),(359,'2017-11-29 15:37:09','2017-11-30 17:16:27',126,137),(362,'2017-11-30 17:23:12','2017-11-30 17:23:12',152,138),(363,'2017-11-30 17:39:30','2017-11-30 17:39:41',153,81),(364,'2017-11-30 17:39:30','2017-11-30 17:39:41',153,139),(365,'2017-11-30 17:39:30','2017-11-30 17:39:41',153,94),(366,'2017-11-30 17:39:30','2017-11-30 17:39:41',153,100),(369,'2017-11-30 18:13:40','2017-11-30 18:13:40',155,23),(370,'2017-11-30 18:17:53','2017-11-30 18:17:53',156,31),(371,'2017-11-30 18:17:53','2017-11-30 18:17:53',156,51),(372,'2017-11-30 18:17:53','2017-11-30 18:17:53',156,94),(373,'2017-11-30 18:17:53','2017-11-30 18:17:53',156,122),(374,'2017-11-30 18:13:40','2017-11-30 18:19:32',155,49),(375,'2017-11-30 18:13:40','2017-11-30 18:19:32',155,122),(376,'2017-11-30 18:13:40','2017-11-30 18:19:32',155,140),(377,'2017-12-01 10:22:51','2017-12-01 10:22:51',157,47),(378,'2017-12-01 10:22:51','2017-12-01 10:22:51',157,100),(379,'2017-12-01 10:22:51','2017-12-01 10:22:51',157,113),(380,'2017-12-01 10:22:51','2017-12-01 11:19:08',157,124),(381,'2017-12-01 10:22:51','2017-12-01 10:22:51',157,136),(384,'2017-12-01 10:29:59','2017-12-01 10:29:59',159,3),(385,'2017-12-01 10:29:59','2017-12-01 10:29:59',159,31),(386,'2017-12-01 10:29:59','2017-12-01 10:29:59',159,94),(387,'2017-12-01 10:29:59','2017-12-01 10:29:59',159,123),(388,'2017-12-01 10:29:59','2017-12-01 10:29:59',159,125),(389,'2017-12-01 10:33:25','2017-12-01 10:33:25',160,48),(390,'2017-12-01 10:33:25','2017-12-01 10:33:25',160,51),(391,'2017-12-01 10:33:25','2017-12-01 10:33:25',160,93),(392,'2017-12-01 10:33:25','2017-12-01 16:18:10',160,122),(393,'2017-11-28 15:31:26','2017-12-01 11:17:11',111,35),(394,'2017-11-28 15:31:26','2017-12-01 11:17:11',111,78),(395,'2017-11-28 15:31:26','2017-12-01 11:17:11',111,92),(396,'2017-11-28 15:31:26','2017-12-01 11:17:11',111,141),(400,'2017-12-01 10:22:51','2017-12-01 11:19:08',157,31),(401,'2017-12-01 10:22:51','2017-12-01 11:19:08',157,142),(403,'2017-12-01 12:44:58','2017-12-01 16:03:23',163,90),(404,'2017-12-01 12:44:58','2017-12-01 16:03:23',163,92),(405,'2017-12-01 12:44:58','2017-12-01 16:03:23',163,94),(406,'2017-12-01 12:46:40','2017-12-01 16:08:59',164,8),(407,'2017-12-01 12:46:40','2017-12-01 12:46:40',164,9),(408,'2017-12-01 12:46:40','2017-12-01 12:46:40',164,49),(409,'2017-12-01 15:49:51','2017-12-01 15:51:02',165,8),(410,'2017-12-01 15:49:51','2017-12-01 15:51:02',165,31),(411,'2017-12-01 15:49:51','2017-12-01 15:51:02',165,94),(412,'2017-12-01 15:49:51','2017-12-01 15:51:02',165,101),(413,'2017-12-01 15:49:51','2017-12-01 15:51:02',165,9),(421,'2017-12-01 12:46:40','2017-12-01 16:08:59',164,31),(422,'2017-12-01 12:46:40','2017-12-01 16:08:59',164,94),(423,'2017-12-01 12:46:40','2017-12-01 16:08:59',164,100),(425,'2017-12-01 12:46:40','2017-12-01 16:08:59',164,121),(430,'2017-12-01 16:10:08','2017-12-01 16:47:32',170,8),(431,'2017-12-01 16:10:08','2017-12-01 16:47:32',170,9),(432,'2017-12-01 16:10:08','2017-12-01 16:10:08',170,31),(433,'2017-12-01 16:10:08','2017-12-01 16:10:08',170,94),(434,'2017-12-01 16:10:08','2017-12-01 16:10:08',170,122),(435,'2017-12-01 16:14:59','2017-12-01 16:14:59',171,8),(436,'2017-12-01 16:14:59','2017-12-01 16:14:59',171,9),(437,'2017-12-01 16:14:59','2017-12-01 16:14:59',171,122),(438,'2017-12-01 10:33:25','2017-12-01 16:18:10',160,35),(439,'2017-12-01 10:33:25','2017-12-01 16:18:10',160,54),(440,'2017-12-01 10:33:25','2017-12-01 16:18:10',160,62),(441,'2017-12-01 10:33:25','2017-12-01 16:18:10',160,92),(443,'2017-12-01 16:25:42','2017-12-01 16:25:42',173,54),(444,'2017-12-01 16:25:42','2017-12-01 16:25:42',173,94),(445,'2017-12-01 16:25:42','2017-12-01 16:25:42',173,100),(446,'2017-12-01 16:25:42','2017-12-04 18:16:23',173,143),(447,'2017-12-01 16:33:13','2017-12-01 16:33:13',174,15),(448,'2017-12-01 16:33:13','2017-12-01 16:33:13',174,35),(449,'2017-12-01 16:33:13','2017-12-01 16:33:13',174,54),(450,'2017-12-01 16:33:13','2017-12-01 16:33:13',174,92),(451,'2017-12-01 16:40:45','2017-12-01 16:40:45',175,31),(452,'2017-12-01 16:40:45','2017-12-01 16:40:45',175,51),(453,'2017-12-01 16:40:45','2017-12-01 16:40:45',175,144),(454,'2017-12-01 16:44:57','2017-12-01 16:44:57',176,24),(455,'2017-12-01 16:44:57','2017-12-01 16:44:57',176,35),(456,'2017-12-01 16:44:57','2017-12-01 16:44:57',176,54),(457,'2017-12-01 16:44:57','2017-12-01 16:44:57',176,92),(460,'2017-12-01 16:49:59','2017-12-01 16:49:59',178,94),(461,'2017-12-01 16:49:59','2017-12-01 16:50:21',178,145),(462,'2017-12-01 16:54:08','2017-12-01 16:54:08',180,2),(463,'2017-12-01 16:54:08','2017-12-01 16:54:08',180,94),(464,'2017-12-01 16:54:08','2017-12-01 16:54:08',180,123),(465,'2017-12-01 16:54:08','2017-12-01 16:54:08',180,146),(466,'2017-12-01 16:56:46','2017-12-01 16:56:46',181,31),(467,'2017-12-01 16:56:46','2017-12-01 16:56:46',181,53),(468,'2017-12-01 16:56:46','2017-12-01 16:56:46',181,55),(469,'2017-12-01 16:56:46','2017-12-01 16:56:46',181,94),(470,'2017-12-01 16:56:46','2017-12-01 16:56:46',181,123),(471,'2017-12-01 17:53:31','2017-12-01 17:53:31',182,86),(472,'2017-12-01 17:53:31','2017-12-01 17:53:31',182,113),(473,'2017-12-01 17:53:31','2017-12-01 17:53:31',182,147),(474,'2017-12-04 10:24:37','2017-12-04 10:24:37',183,2),(475,'2017-12-04 10:24:37','2017-12-04 10:24:37',183,3),(476,'2017-12-04 10:24:37','2017-12-04 10:24:37',183,100),(477,'2017-12-04 10:24:37','2017-12-04 11:51:56',183,106),(478,'2017-12-04 10:24:37','2017-12-04 11:51:56',183,125),(479,'2017-12-04 10:32:53','2017-12-04 10:32:53',184,8),(480,'2017-12-04 10:32:53','2017-12-04 10:32:53',184,31),(481,'2017-12-04 10:32:53','2017-12-04 10:32:53',184,94),(482,'2017-12-04 10:43:21','2017-12-04 10:43:44',185,31),(483,'2017-12-04 10:43:21','2017-12-04 10:43:44',185,94),(484,'2017-12-04 10:43:21','2017-12-04 10:43:44',185,123),(485,'2017-12-04 10:43:21','2017-12-04 10:43:44',185,148),(486,'2017-12-04 10:43:21','2017-12-04 10:43:44',185,149),(487,'2017-12-04 10:43:21','2017-12-04 10:43:44',185,28),(493,'2017-12-04 11:00:18','2017-12-04 11:00:18',187,15),(494,'2017-12-04 11:00:18','2017-12-04 11:00:18',187,74),(495,'2017-12-04 11:00:18','2017-12-04 11:00:18',187,94),(496,'2017-12-04 11:00:18','2017-12-04 11:00:18',187,100),(497,'2017-12-04 11:00:18','2017-12-04 11:00:18',187,122),(498,'2017-12-04 11:00:18','2017-12-04 11:00:18',187,145),(501,'2017-12-04 14:32:11','2017-12-04 14:32:11',189,2),(502,'2017-12-04 14:32:11','2017-12-04 14:32:11',189,5),(503,'2017-12-04 14:32:11','2017-12-04 14:32:11',189,27),(504,'2017-12-04 16:03:59','2017-12-04 16:03:59',190,150),(505,'2017-12-04 17:12:49','2017-12-04 17:12:49',191,46),(506,'2017-12-04 17:12:49','2017-12-04 17:12:49',191,77),(507,'2017-12-04 17:12:49','2017-12-04 17:12:49',191,151),(508,'2017-12-04 17:12:49','2017-12-04 17:12:49',191,152),(509,'2017-12-04 18:02:13','2017-12-04 18:02:13',192,18),(510,'2017-12-04 18:02:13','2017-12-04 18:02:13',192,38),(511,'2017-12-04 18:02:13','2017-12-04 18:02:13',192,153),(512,'2017-12-04 18:09:33','2017-12-04 18:09:39',193,5),(513,'2017-12-04 18:09:33','2017-12-04 18:09:39',193,113),(515,'2017-12-04 18:12:22','2017-12-04 18:12:22',195,49),(516,'2017-12-04 18:12:22','2017-12-04 18:12:22',195,81),(517,'2017-12-01 16:25:42','2017-12-04 18:16:23',173,46),(518,'2017-12-01 16:25:42','2017-12-04 18:16:23',173,49),(520,'2017-12-04 18:21:44','2017-12-04 18:21:44',197,51),(521,'2017-12-04 18:21:44','2017-12-04 18:21:44',197,154),(522,'2017-12-04 18:26:17','2017-12-04 18:26:17',198,35),(523,'2017-12-04 18:26:17','2017-12-04 18:26:17',198,82),(524,'2017-12-04 18:26:17','2017-12-04 18:26:17',198,92),(525,'2017-12-04 18:58:35','2017-12-04 19:50:15',199,52),(526,'2017-12-04 18:58:35','2017-12-04 19:50:15',199,113),(527,'2017-12-04 19:12:05','2017-12-04 19:12:05',200,31),(528,'2017-12-04 19:12:05','2017-12-04 19:12:05',200,114),(529,'2017-12-04 19:12:05','2017-12-04 19:12:05',200,115),(530,'2017-12-04 19:12:05','2017-12-04 19:12:05',200,137),(531,'2017-12-04 19:12:05','2017-12-04 19:12:05',200,138),(532,'2017-12-04 19:15:16','2017-12-04 19:15:16',201,90),(533,'2017-12-04 19:15:16','2017-12-04 19:15:16',201,94),(534,'2017-12-04 19:15:16','2017-12-04 19:15:16',201,121),(535,'2017-12-04 19:15:16','2017-12-04 19:15:16',201,146),(536,'2017-12-04 19:40:36','2017-12-04 19:40:36',202,31),(537,'2017-12-04 19:40:36','2017-12-04 19:40:36',202,45),(538,'2017-12-04 19:40:36','2017-12-04 19:40:36',202,52),(539,'2017-12-04 19:43:03','2017-12-04 19:43:03',203,5),(540,'2017-12-04 19:43:03','2017-12-04 19:43:03',203,113),(541,'2017-12-04 19:43:03','2017-12-04 19:43:03',203,124),(544,'2017-12-04 19:56:44','2017-12-04 19:56:44',205,35),(545,'2017-12-04 19:56:44','2017-12-04 19:56:44',205,52),(546,'2017-12-04 19:56:44','2017-12-04 19:56:44',205,100),(547,'2017-12-04 19:56:44','2017-12-04 19:56:44',205,122),(548,'2017-12-04 19:56:44','2017-12-04 19:56:44',205,154),(549,'2017-12-05 09:56:32','2017-12-05 09:56:52',206,85),(550,'2017-12-05 09:56:32','2017-12-05 09:56:52',206,113),(551,'2017-12-05 09:56:32','2017-12-05 09:56:52',206,35),(554,'2017-12-05 20:57:20','2017-12-05 20:57:20',208,29),(555,'2017-12-06 10:55:24','2017-12-08 16:17:28',209,2),(556,'2017-12-06 10:55:24','2017-12-06 10:55:24',209,155),(557,'2017-12-06 15:00:38','2017-12-06 15:00:38',210,31),(558,'2017-12-06 15:00:38','2017-12-06 15:00:38',210,45),(559,'2017-12-06 15:00:38','2017-12-06 15:00:38',210,104),(560,'2017-12-06 15:08:20','2017-12-06 15:08:20',211,2),(561,'2017-12-06 15:08:20','2017-12-06 15:08:20',211,35),(562,'2017-12-06 15:08:20','2017-12-06 15:08:20',211,100),(563,'2017-12-06 15:08:20','2017-12-06 15:08:20',211,106),(564,'2017-12-06 15:08:20','2017-12-06 15:08:20',211,125),(565,'2017-12-06 15:08:20','2017-12-06 15:08:20',211,126),(566,'2017-12-06 15:15:18','2017-12-06 15:15:18',212,35),(567,'2017-12-06 15:15:18','2017-12-06 15:15:18',212,54),(568,'2017-12-06 15:15:18','2017-12-06 15:15:18',212,100),(569,'2017-12-06 15:15:18','2017-12-06 15:15:18',212,134),(570,'2017-12-06 15:21:10','2017-12-06 15:21:10',213,114),(571,'2017-12-06 15:21:10','2017-12-06 15:21:10',213,156),(572,'2017-12-06 18:26:54','2017-12-06 18:26:54',214,5),(573,'2017-12-06 18:26:54','2017-12-06 18:26:54',214,29),(574,'2017-12-06 18:28:47','2017-12-06 18:28:47',215,35),(575,'2017-12-06 18:28:47','2017-12-06 18:28:47',215,54),(576,'2017-12-06 18:28:47','2017-12-06 18:28:47',215,100),(577,'2017-12-06 18:30:26','2017-12-06 18:30:26',216,35),(578,'2017-12-06 18:30:26','2017-12-06 18:30:26',216,100),(579,'2017-12-06 18:30:26','2017-12-06 18:31:12',216,157),(580,'2017-12-06 18:34:52','2017-12-06 18:34:52',218,35),(581,'2017-12-06 18:34:52','2017-12-06 18:34:52',218,92),(582,'2017-12-06 18:34:52','2017-12-06 18:34:52',218,155),(583,'2017-11-30 11:19:55','2017-12-06 18:41:13',141,124),(586,'2017-12-01 16:25:42','2017-12-06 18:49:14',173,158),(587,'2017-12-06 18:53:32','2017-12-06 18:53:32',221,2),(588,'2017-12-06 18:53:32','2017-12-15 17:51:15',221,100),(589,'2017-12-06 18:53:32','2017-12-06 18:53:32',221,125),(590,'2017-12-06 18:53:32','2017-12-06 18:53:32',221,126),(591,'2017-12-06 18:58:01','2017-12-06 18:58:01',222,2),(592,'2017-12-06 18:58:01','2017-12-06 18:58:01',222,100),(593,'2017-12-06 19:02:22','2017-12-06 19:02:22',223,31),(594,'2017-12-06 19:02:22','2017-12-13 18:09:25',223,51),(595,'2017-12-06 19:02:22','2017-12-06 19:02:22',223,94),(596,'2017-12-06 19:02:22','2017-12-06 19:02:22',223,142),(597,'2017-12-06 19:02:22','2017-12-06 19:02:22',223,159),(598,'2017-12-07 09:49:07','2017-12-07 09:49:07',224,46),(599,'2017-12-07 09:49:07','2017-12-07 09:49:07',224,116),(600,'2017-12-07 09:49:07','2017-12-07 09:49:07',224,157),(601,'2017-12-07 09:49:07','2017-12-07 09:49:07',224,158),(602,'2017-12-01 12:44:58','2017-12-07 09:57:22',163,5),(603,'2017-12-04 18:09:33','2017-12-07 10:09:47',193,160),(604,'2017-12-04 19:43:03','2017-12-07 10:10:39',203,160),(605,'2017-12-05 09:56:32','2017-12-07 10:11:25',206,160),(606,'2017-12-07 18:02:34','2017-12-08 10:16:09',229,2),(607,'2017-12-07 18:02:34','2017-12-08 10:16:09',229,35),(608,'2017-12-07 18:02:34','2017-12-08 10:16:09',229,54),(609,'2017-12-07 18:02:34','2017-12-08 10:16:09',229,100),(610,'2017-12-07 20:49:10','2017-12-07 20:49:10',230,31),(611,'2017-12-07 20:49:10','2017-12-07 20:49:10',230,38),(612,'2017-12-07 20:49:10','2017-12-07 20:49:10',230,56),(613,'2017-12-07 20:49:10','2017-12-07 20:49:10',230,105),(614,'2017-12-04 18:26:17','2017-12-07 20:50:30',198,51),(615,'2017-12-04 18:26:17','2017-12-07 20:50:30',198,157),(616,'2017-12-07 20:53:08','2017-12-07 20:53:08',232,2),(617,'2017-12-07 20:53:08','2017-12-07 20:53:08',232,100),(618,'2017-12-07 20:53:08','2017-12-07 20:53:08',232,125),(619,'2017-12-07 20:53:08','2017-12-07 20:53:08',232,126),(620,'2017-12-07 20:55:07','2017-12-07 21:11:06',233,9),(621,'2017-12-07 20:55:07','2017-12-07 21:11:06',233,8),(625,'2017-12-07 21:15:44','2017-12-07 21:15:44',236,51),(626,'2017-12-07 21:15:44','2017-12-08 19:37:47',236,93),(627,'2017-12-07 21:22:23','2017-12-07 21:22:23',237,114),(628,'2017-12-07 21:22:23','2017-12-07 21:22:23',237,161),(629,'2017-12-07 21:22:23','2017-12-07 21:22:23',237,162),(630,'2017-12-07 21:22:23','2017-12-07 21:22:23',237,163),(631,'2017-12-08 09:55:34','2017-12-08 09:55:34',238,35),(632,'2017-12-08 09:55:34','2017-12-08 09:55:34',238,74),(633,'2017-12-08 09:55:34','2017-12-08 09:55:34',238,100),(638,'2017-12-08 09:55:34','2017-12-08 10:18:00',238,51),(639,'2017-12-08 10:32:19','2017-12-08 10:32:19',241,2),(640,'2017-12-08 10:32:19','2017-12-08 10:32:19',241,35),(641,'2017-12-08 10:32:19','2017-12-08 10:32:19',241,92),(642,'2017-12-08 10:34:04','2017-12-08 10:34:04',242,31),(643,'2017-12-08 10:34:04','2017-12-08 10:34:04',242,94),(644,'2017-12-08 10:32:19','2017-12-08 10:44:07',241,12),(645,'2017-12-08 15:45:10','2017-12-08 15:45:10',244,2),(646,'2017-12-08 15:45:10','2017-12-08 19:46:07',244,35),(647,'2017-12-08 15:45:10','2017-12-08 19:46:07',244,54),(648,'2017-12-08 15:45:10','2017-12-08 19:46:07',244,100),(649,'2017-12-08 16:11:32','2017-12-08 16:11:32',245,51),(650,'2017-12-08 16:11:32','2017-12-08 16:11:32',245,92),(651,'2017-12-08 16:11:32','2017-12-08 16:11:32',245,94),(652,'2017-12-06 10:55:24','2017-12-08 19:48:45',209,103),(654,'2017-12-07 20:53:08','2017-12-08 18:02:19',232,103),(655,'2017-12-08 18:04:18','2017-12-08 18:04:18',248,28),(656,'2017-12-08 10:34:04','2017-12-08 19:30:31',242,23),(657,'2017-12-08 10:34:04','2017-12-08 19:30:31',242,35),(658,'2017-12-08 10:34:04','2017-12-08 19:30:31',242,92),(659,'2017-12-07 21:15:44','2017-12-08 19:37:47',236,120),(660,'2017-12-07 21:15:44','2017-12-08 19:37:47',236,164),(662,'2017-12-08 19:41:28','2017-12-08 19:41:28',251,31),(663,'2017-12-08 19:41:28','2017-12-08 19:41:28',251,35),(664,'2017-12-08 19:41:28','2017-12-08 19:41:28',251,54),(665,'2017-12-08 19:41:28','2017-12-08 19:41:28',251,100),(666,'2017-12-08 19:41:28','2017-12-08 19:41:28',251,158),(667,'2017-12-08 15:45:10','2017-12-08 19:46:07',244,106),(668,'2017-12-08 15:45:10','2017-12-08 19:46:07',244,125),(669,'2017-12-08 15:45:10','2017-12-08 19:46:07',244,126),(670,'2017-12-11 09:53:06','2017-12-13 18:01:47',252,38),(671,'2017-12-11 09:53:06','2017-12-13 18:01:47',252,56),(672,'2017-12-11 09:53:06','2017-12-11 09:53:06',252,108),(673,'2017-12-11 10:17:41','2017-12-11 10:17:41',253,165),(674,'2017-12-11 11:41:31','2017-12-11 11:41:31',254,2),(675,'2017-12-11 11:41:31','2017-12-11 11:41:31',254,35),(676,'2017-12-11 11:41:31','2017-12-11 11:41:31',254,54),(677,'2017-12-11 11:41:31','2017-12-11 11:41:31',254,100),(678,'2017-12-11 19:28:01','2017-12-11 19:28:01',255,5),(679,'2017-12-11 19:31:37','2017-12-11 19:31:37',256,5),(680,'2017-12-11 19:31:37','2017-12-11 19:31:37',256,35),(681,'2017-12-11 19:31:37','2017-12-11 19:31:37',256,77),(682,'2017-12-11 19:31:37','2017-12-11 19:31:37',256,100),(683,'2017-12-11 19:31:37','2017-12-11 19:31:37',256,145),(684,'2017-12-11 19:34:52','2017-12-11 19:34:52',257,5),(685,'2017-12-06 10:55:24','2017-12-11 19:38:44',209,7),(686,'2017-12-04 17:12:49','2017-12-11 19:43:01',191,166),(687,'2017-12-11 19:46:56','2017-12-11 19:46:56',260,54),(688,'2017-12-11 19:46:56','2017-12-11 19:46:56',260,55),(689,'2017-12-12 09:45:33','2017-12-12 09:45:33',261,2),(690,'2017-12-12 09:45:33','2017-12-12 09:45:33',261,35),(691,'2017-12-12 09:45:33','2017-12-12 09:45:33',261,92),(692,'2017-12-07 09:49:07','2017-12-12 13:57:00',224,18),(693,'2017-12-12 13:59:38','2017-12-12 13:59:38',263,92),(694,'2017-12-12 13:59:38','2017-12-12 13:59:38',263,94),(695,'2017-12-12 14:03:46','2017-12-12 14:03:46',264,2),(696,'2017-12-12 14:03:46','2017-12-12 14:03:46',264,23),(697,'2017-12-12 14:03:46','2017-12-12 17:20:28',264,103),(698,'2017-12-12 14:25:48','2017-12-12 14:25:48',265,137),(699,'2017-12-12 14:25:48','2017-12-12 14:25:48',265,167),(701,'2017-12-12 17:41:34','2017-12-12 17:41:34',267,31),(702,'2017-12-12 17:44:04','2017-12-12 17:44:04',268,35),(703,'2017-12-12 17:44:04','2017-12-12 17:44:04',268,51),(704,'2017-12-12 17:44:04','2017-12-12 17:44:04',268,100),(705,'2017-12-12 17:44:04','2017-12-12 17:44:04',268,103),(706,'2017-12-12 17:44:04','2017-12-12 17:44:04',268,145),(707,'2017-12-12 18:30:51','2017-12-12 18:30:51',269,5),(708,'2017-12-12 18:30:51','2017-12-12 18:30:51',269,103),(709,'2017-12-12 18:30:51','2017-12-12 18:30:51',269,145),(710,'2017-12-13 09:51:56','2017-12-13 09:51:56',270,77),(711,'2017-12-13 09:56:05','2017-12-13 09:56:05',271,23),(712,'2017-12-13 09:56:05','2017-12-13 09:56:05',271,47),(713,'2017-12-04 17:12:49','2017-12-13 10:28:30',191,12),(714,'2017-12-04 17:12:49','2017-12-18 18:36:47',191,35),(715,'2017-12-04 17:12:49','2017-12-18 18:36:47',191,92),(716,'2017-12-13 11:22:53','2017-12-19 11:46:01',273,35),(717,'2017-12-13 11:22:53','2017-12-19 11:46:01',273,92),(718,'2017-12-13 11:44:58','2017-12-13 11:44:58',274,35),(719,'2017-12-13 11:44:58','2017-12-13 11:44:58',274,100),(720,'2017-12-13 11:44:58','2017-12-13 11:44:58',274,125),(721,'2017-12-13 11:44:58','2017-12-13 11:44:58',274,126),(722,'2017-12-13 11:22:53','2017-12-13 13:49:57',273,46),(723,'2017-12-13 11:22:53','2017-12-13 13:49:57',273,158),(724,'2017-12-11 09:53:06','2017-12-13 18:01:47',252,51),(725,'2017-12-11 09:53:06','2017-12-13 18:01:47',252,84),(731,'2017-12-06 19:02:22','2017-12-13 18:09:25',223,74),(732,'2017-12-06 19:02:22','2017-12-13 18:09:25',223,168),(734,'2017-12-13 18:15:46','2017-12-13 18:15:46',279,22),(735,'2017-12-13 18:15:46','2017-12-13 18:15:46',279,23),(736,'2017-12-13 18:26:37','2017-12-13 18:26:37',280,35),(737,'2017-12-13 18:26:37','2017-12-13 18:26:37',280,36),(738,'2017-12-13 18:26:37','2017-12-13 18:26:37',280,100),(739,'2017-12-13 18:26:37','2017-12-13 18:26:37',280,157),(740,'2017-12-13 18:37:15','2017-12-13 18:37:15',281,2),(741,'2017-12-13 18:37:15','2017-12-13 18:37:15',281,140),(742,'2017-12-14 09:42:07','2017-12-14 09:42:07',282,38),(743,'2017-12-14 09:42:07','2017-12-14 09:42:07',282,82),(744,'2017-12-14 14:08:12','2017-12-14 14:08:12',283,29),(745,'2017-12-14 14:08:12','2017-12-19 18:37:37',283,32),(746,'2017-12-14 14:08:12','2017-12-19 18:37:37',283,35),(747,'2017-12-14 14:08:12','2017-12-14 14:08:12',283,54),(748,'2017-12-14 14:08:12','2017-12-19 18:37:37',283,100),(749,'2017-12-14 14:10:37','2017-12-14 14:10:37',284,2),(750,'2017-12-14 14:10:37','2017-12-14 14:10:37',284,35),(751,'2017-12-14 14:10:37','2017-12-14 14:10:37',284,54),(752,'2017-12-14 14:10:37','2017-12-14 14:10:37',284,92),(753,'2017-12-14 14:10:37','2017-12-14 14:10:37',284,155),(754,'2017-12-14 14:13:15','2017-12-20 14:22:38',285,2),(755,'2017-12-14 14:13:15','2017-12-14 14:13:15',285,35),(756,'2017-12-14 14:13:15','2017-12-25 13:07:58',285,146),(757,'2017-12-14 14:14:13','2017-12-14 14:14:36',286,35),(758,'2017-12-14 14:14:13','2017-12-14 14:14:36',286,100),(759,'2017-12-14 14:14:13','2017-12-14 14:14:36',286,106),(760,'2017-12-14 14:14:13','2017-12-14 14:14:36',286,24),(764,'2017-12-14 14:19:58','2017-12-14 14:19:58',288,2),(765,'2017-12-14 14:19:58','2017-12-14 14:19:58',288,35),(766,'2017-12-14 14:19:58','2017-12-14 14:19:58',288,54),(767,'2017-12-14 14:19:58','2017-12-14 14:19:58',288,92),(768,'2017-12-14 14:19:58','2017-12-14 14:19:58',288,169),(769,'2017-12-14 14:10:37','2017-12-14 15:41:37',284,82),(770,'2017-12-14 14:10:37','2017-12-14 15:41:37',284,117),(771,'2017-12-14 16:29:18','2017-12-14 16:29:18',290,24),(772,'2017-12-14 16:30:56','2017-12-14 16:31:20',291,170),(773,'2017-12-14 16:30:56','2017-12-14 16:31:20',291,94),(775,'2017-12-14 16:30:56','2017-12-14 16:31:20',291,51),(778,'2017-12-14 17:22:50','2017-12-14 17:22:50',294,51),(779,'2017-12-14 17:22:50','2017-12-14 17:22:50',294,171),(780,'2017-12-14 17:50:13','2017-12-14 17:50:13',295,2),(781,'2017-12-14 17:50:13','2017-12-14 17:50:13',295,94),(782,'2017-12-14 17:55:54','2017-12-14 17:55:54',296,94),(783,'2017-12-14 17:55:54','2017-12-14 17:55:54',296,100),(784,'2017-12-12 14:03:46','2017-12-14 18:27:56',264,35),(785,'2017-12-14 18:30:00','2017-12-14 18:30:00',298,4),(786,'2017-12-14 18:30:00','2017-12-14 18:30:00',298,51),(787,'2017-12-14 18:32:29','2017-12-14 18:32:29',299,116),(788,'2017-12-14 18:37:11','2017-12-14 18:37:11',300,92),(789,'2017-12-14 18:37:11','2017-12-14 18:37:11',300,94),(790,'2017-12-15 09:43:46','2017-12-15 09:43:46',301,23),(791,'2017-12-15 09:43:46','2017-12-15 09:43:46',301,61),(792,'2017-12-15 09:49:03','2017-12-15 09:49:03',302,12),(793,'2017-12-15 09:57:05','2017-12-15 09:57:05',303,2),(794,'2017-12-15 09:57:05','2017-12-15 09:57:05',303,35),(795,'2017-12-15 09:57:05','2017-12-15 09:57:05',303,100),(796,'2017-12-15 13:55:36','2017-12-15 13:55:36',304,146),(797,'2017-12-15 13:55:36','2017-12-18 18:22:45',304,172),(798,'2017-12-15 13:55:36','2017-12-15 13:55:36',304,173),(799,'2017-12-15 13:55:36','2017-12-15 13:55:36',304,174),(800,'2017-12-15 14:01:28','2017-12-15 14:01:28',305,92),(801,'2017-12-15 14:01:28','2017-12-15 14:01:28',305,171),(802,'2017-12-15 14:12:39','2017-12-15 14:12:39',306,2),(803,'2017-12-15 14:12:39','2017-12-15 14:12:39',306,35),(804,'2017-12-15 14:12:39','2017-12-15 14:12:39',306,100),(805,'2017-12-15 14:14:21','2017-12-15 14:14:21',307,36),(806,'2017-12-15 14:15:47','2017-12-15 14:15:47',308,2),(808,'2017-12-06 18:53:32','2017-12-15 17:51:15',221,35),(809,'2017-12-06 18:53:32','2017-12-15 17:51:15',221,54),(811,'2017-12-15 18:02:47','2017-12-15 18:02:47',311,5),(812,'2017-12-15 18:02:47','2017-12-15 18:02:47',311,36),(813,'2017-12-18 11:02:52','2017-12-18 14:09:40',312,35),(814,'2017-12-18 11:02:52','2017-12-18 14:09:40',312,92),(815,'2017-12-18 11:02:52','2017-12-18 14:09:40',312,103),(816,'2017-12-18 11:02:52','2017-12-18 14:09:40',312,54),(820,'2017-12-18 17:35:55','2017-12-18 17:35:55',314,28),(821,'2017-12-18 17:35:55','2017-12-18 17:35:55',314,49),(822,'2017-12-18 17:39:32','2017-12-18 17:39:32',315,2),(823,'2017-12-18 17:39:32','2017-12-18 17:39:32',315,35),(824,'2017-12-18 17:39:32','2017-12-18 17:39:32',315,54),(825,'2017-12-18 17:39:32','2017-12-18 17:39:32',315,100),(826,'2017-12-18 17:39:32','2017-12-18 17:39:32',315,157),(827,'2017-12-18 17:45:19','2017-12-18 17:45:19',316,92),(828,'2017-12-18 17:45:19','2017-12-18 17:45:19',316,94),(829,'2017-12-13 09:56:05','2017-12-18 18:15:59',271,35),(830,'2017-12-13 09:56:05','2017-12-18 18:15:59',271,92),(831,'2017-12-18 18:19:31','2017-12-18 18:19:31',318,2),(833,'2017-12-18 18:26:24','2017-12-18 18:26:24',320,35),(834,'2017-12-18 18:26:24','2017-12-18 18:26:24',320,92),(835,'2017-12-18 18:29:25','2017-12-18 18:29:25',321,2),(836,'2017-12-18 18:29:25','2017-12-18 18:29:25',321,35),(837,'2017-12-18 18:29:25','2017-12-18 18:29:25',321,92),(838,'2017-12-04 17:12:49','2017-12-18 18:36:47',191,51),(839,'2017-12-04 17:12:49','2017-12-18 18:36:47',191,53),(842,'2017-12-18 18:40:10','2017-12-18 18:40:10',323,53),(843,'2017-12-18 18:40:10','2017-12-18 18:40:10',323,92),(844,'2017-12-18 18:40:10','2017-12-18 18:40:10',323,94),(845,'2017-12-18 18:44:03','2017-12-18 18:44:03',324,31),(846,'2017-12-18 18:44:03','2017-12-18 18:44:03',324,93),(847,'2017-12-18 18:46:59','2017-12-18 18:46:59',325,95),(848,'2017-12-18 18:46:59','2017-12-18 18:46:59',325,105),(849,'2017-12-18 18:51:42','2017-12-19 18:34:54',326,2),(850,'2017-12-18 18:51:42','2017-12-18 18:51:42',326,35),(851,'2017-12-18 18:51:42','2017-12-18 18:51:42',326,54),(852,'2017-12-18 18:51:42','2017-12-18 18:51:42',326,100),(853,'2017-12-19 09:47:36','2017-12-19 09:47:41',327,35),(854,'2017-12-19 09:47:36','2017-12-19 09:47:41',327,92),(855,'2017-12-19 09:47:36','2017-12-19 09:47:41',327,103),(858,'2017-12-19 11:37:18','2017-12-21 18:21:15',329,24),(859,'2017-12-13 11:22:53','2017-12-19 11:46:01',273,157),(862,'2017-12-19 14:04:58','2017-12-19 14:04:58',331,2),(863,'2017-12-19 14:04:58','2017-12-19 14:04:58',331,3),(864,'2017-12-19 14:04:58','2017-12-19 14:04:58',331,125),(865,'2017-12-19 14:07:40','2017-12-19 14:07:40',332,63),(866,'2017-12-19 14:07:40','2017-12-19 14:07:40',332,93),(867,'2017-12-19 14:13:38','2017-12-19 14:13:38',333,31),(868,'2017-12-19 14:13:38','2017-12-19 14:13:38',333,102),(869,'2017-12-19 18:24:46','2017-12-19 18:24:46',334,5),(870,'2017-12-19 18:24:46','2017-12-19 18:24:46',334,31),(871,'2017-12-19 18:24:46','2017-12-19 18:24:46',334,35),(872,'2017-12-19 18:24:46','2017-12-19 18:24:46',334,92),(873,'2017-12-19 18:28:13','2017-12-19 18:28:13',335,2),(874,'2017-12-19 18:28:13','2017-12-19 18:28:13',335,35),(875,'2017-12-19 18:30:10','2017-12-19 18:30:10',336,2),(876,'2017-12-19 18:31:08','2017-12-19 18:31:08',337,160),(877,'2017-12-18 18:51:42','2017-12-19 18:34:54',326,157),(879,'2017-12-14 14:08:12','2017-12-19 18:37:37',283,2),(880,'2017-12-20 10:52:25','2017-12-20 10:52:25',338,2),(881,'2017-12-20 15:48:31','2017-12-20 15:48:31',339,35),(882,'2017-12-20 15:48:31','2017-12-20 15:48:31',339,54),(883,'2017-12-20 15:48:31','2017-12-20 15:48:31',339,100),(884,'2017-12-20 16:07:48','2017-12-20 16:07:48',340,2),(885,'2017-12-20 16:07:48','2017-12-20 16:07:48',340,31),(886,'2017-12-15 14:14:21','2017-12-20 16:08:23',307,160),(887,'2017-12-20 16:11:43','2017-12-20 16:11:43',342,7),(888,'2017-12-20 17:03:36','2017-12-20 17:03:36',343,2),(889,'2017-12-20 18:39:24','2017-12-20 18:39:24',344,2),(890,'2017-12-20 18:39:24','2017-12-22 18:06:30',344,35),(891,'2017-12-20 18:39:24','2017-12-20 18:39:24',344,54),(892,'2017-12-20 18:39:24','2017-12-22 18:06:30',344,92),(893,'2017-12-04 17:12:49','2017-12-20 18:42:31',191,159),(894,'2017-12-20 18:44:57','2017-12-20 18:44:57',346,127),(895,'2017-12-20 18:47:41','2017-12-20 18:47:41',347,28),(896,'2017-12-21 11:40:16','2017-12-21 11:40:16',348,35),(897,'2017-12-21 11:40:16','2017-12-21 11:40:16',348,51),(898,'2017-12-21 11:40:16','2017-12-21 11:40:16',348,54),(899,'2017-12-21 11:40:16','2017-12-21 11:40:16',348,100),(900,'2017-12-21 14:47:39','2017-12-21 14:47:39',349,160),(901,'2017-12-21 14:48:37','2017-12-21 14:48:37',350,160),(902,'2017-12-21 15:03:47','2017-12-21 15:03:47',351,146),(903,'2017-12-21 18:18:32','2017-12-22 15:45:41',352,116),(905,'2017-12-21 18:44:07','2017-12-21 18:44:07',354,5),(906,'2017-12-22 14:15:29','2017-12-22 18:17:16',355,8),(907,'2017-12-22 14:15:29','2017-12-22 14:15:29',355,31),(909,'2017-12-22 15:52:16','2017-12-22 15:52:16',357,145),(910,'2017-12-22 16:17:32','2017-12-22 16:17:32',358,58),(911,'2017-12-22 16:17:32','2017-12-22 16:17:32',358,118),(912,'2017-12-22 16:20:59','2017-12-22 16:20:59',359,8),(913,'2017-12-22 16:20:59','2017-12-22 16:20:59',359,31),(914,'2017-12-22 16:23:49','2017-12-22 16:23:49',360,8),(915,'2017-12-22 16:23:49','2017-12-22 16:23:49',360,31),(916,'2017-12-20 18:39:24','2017-12-22 18:06:30',344,7),(920,'2017-12-22 18:18:24','2017-12-22 18:18:24',363,175),(921,'2017-12-25 09:53:20','2017-12-25 09:53:20',364,7),(922,'2017-12-25 10:00:44','2017-12-25 10:00:44',365,2),(923,'2017-12-25 10:00:44','2017-12-25 10:00:44',365,35),(924,'2017-12-25 10:00:44','2017-12-25 10:00:44',365,54),(925,'2017-12-25 10:00:44','2017-12-25 10:00:44',365,100),(926,'2017-12-25 11:07:02','2017-12-25 11:07:02',366,35),(927,'2017-12-25 11:07:02','2017-12-25 11:07:02',366,54),(928,'2017-12-25 11:07:02','2017-12-25 11:07:02',366,100),(930,'2017-12-25 13:15:33','2017-12-25 13:15:33',368,22),(931,'2017-12-25 13:15:33','2017-12-25 13:15:33',368,24),(932,'2017-12-25 13:23:36','2017-12-25 13:23:36',369,2),(933,'2017-12-25 13:23:36','2017-12-25 13:23:36',369,103),(934,'2017-12-25 15:30:30','2017-12-25 15:30:30',370,22),(935,'2017-12-25 15:30:30','2017-12-25 15:30:30',370,54),(936,'2017-12-14 14:14:13','2017-12-25 15:50:57',286,19),(937,'2017-12-25 15:53:02','2017-12-25 15:53:02',372,38),(938,'2017-12-25 15:53:02','2017-12-25 15:53:02',372,134),(939,'2017-12-25 16:00:39','2017-12-25 16:00:39',373,2),(940,'2017-12-25 16:00:39','2017-12-25 16:00:39',373,12),(941,'2017-12-25 16:05:51','2017-12-25 16:05:51',374,2),(942,'2017-12-25 16:05:51','2017-12-25 16:05:51',374,31),(943,'2017-12-25 17:11:00','2017-12-25 17:11:00',375,35),(944,'2017-12-25 17:11:00','2017-12-25 17:11:00',375,92),(945,'2017-12-25 17:17:06','2017-12-25 17:17:06',377,176),(946,'2017-12-25 17:20:03','2017-12-25 17:20:15',378,5),(947,'2017-12-25 17:20:03','2017-12-25 17:20:15',378,31),(948,'2017-12-25 17:20:03','2017-12-25 17:20:15',378,2),(949,'2017-12-25 17:20:03','2017-12-25 17:20:15',378,35),(952,'2017-12-25 17:22:10','2017-12-25 17:22:10',380,2),(953,'2017-12-25 17:22:10','2017-12-25 17:22:10',380,23),(954,'2017-12-25 17:22:10','2017-12-25 17:22:10',380,24),(955,'2017-12-25 17:24:07','2017-12-25 17:24:07',381,35),(956,'2017-12-25 17:24:07','2017-12-25 17:24:07',381,177),(957,'2017-12-20 18:39:24','2017-12-25 17:32:46',344,178),(958,'2017-12-25 17:35:17','2017-12-25 17:35:17',383,179),(959,'2017-12-25 17:37:03','2017-12-25 17:37:03',384,31),(960,'2017-12-25 17:37:03','2017-12-25 17:37:03',384,124),(961,'2017-12-25 17:37:03','2017-12-25 17:37:03',384,178),(962,'2017-12-25 17:39:28','2017-12-25 17:39:28',385,23),(963,'2018-04-26 09:58:51','2018-04-26 09:58:51',386,24),(964,'2018-04-26 09:58:51','2018-04-26 09:58:51',386,121),(965,'2018-04-26 10:53:25','2018-04-26 10:53:25',387,123),(966,'2018-04-26 10:53:25','2018-04-26 10:53:25',387,178),(967,'2018-04-26 10:54:12','2018-04-26 10:54:12',388,22),(968,'2018-04-26 10:54:12','2018-04-26 10:54:12',388,123),(969,'2018-04-26 10:53:25','2018-04-26 10:59:57',387,103),(970,'2018-04-26 10:53:25','2018-04-26 10:59:57',387,136),(971,'2018-04-26 10:53:25','2018-04-26 10:59:57',387,180),(972,'2018-04-26 12:10:55','2018-04-26 12:10:55',390,51),(973,'2018-04-26 12:10:55','2018-04-26 12:10:55',390,61),(974,'2018-04-26 12:10:55','2018-04-26 12:10:55',390,123),(975,'2018-04-26 12:14:19','2018-04-26 12:14:19',391,12),(976,'2018-04-26 12:14:19','2018-04-26 12:14:19',391,27),(977,'2018-04-26 12:14:19','2018-04-26 14:45:14',391,123),(978,'2018-04-26 12:17:14','2018-04-27 10:14:13',392,12),(979,'2018-04-26 12:17:14','2018-04-26 12:17:14',392,107),(980,'2018-04-26 12:17:14','2018-05-02 10:09:52',392,123),(981,'2018-04-26 13:19:10','2018-04-26 13:19:10',393,51),(982,'2018-04-26 13:19:10','2018-04-26 14:48:26',393,113),(983,'2018-04-26 13:19:10','2018-04-26 13:19:10',393,181),(984,'2018-04-26 12:14:19','2018-04-26 14:45:14',391,51),(985,'2018-04-26 12:14:19','2018-04-26 14:45:14',391,182),(987,'2018-04-26 13:19:10','2018-04-26 14:48:26',393,23),(988,'2018-04-26 13:19:10','2018-04-26 14:48:26',393,49),(989,'2018-04-26 13:19:10','2018-04-26 14:48:26',393,125),(991,'2018-04-26 16:58:55','2018-04-26 16:59:07',396,134),(992,'2018-04-26 16:58:55','2018-04-26 16:59:07',396,121),(994,'2018-04-26 17:10:29','2018-04-26 17:10:29',398,15),(995,'2018-04-26 17:10:29','2018-04-26 17:10:29',398,24),(996,'2018-04-26 17:10:29','2018-04-26 17:10:29',398,123),(997,'2018-04-26 17:11:43','2018-04-26 17:11:43',399,24),(998,'2018-04-26 17:11:43','2018-04-26 17:11:43',399,122),(999,'2018-04-27 10:09:16','2018-04-27 10:09:16',400,22),(1000,'2018-04-27 10:09:16','2018-04-27 10:09:16',400,113),(1001,'2018-04-26 12:17:14','2018-05-02 10:09:52',392,5),(1002,'2018-04-26 12:17:14','2018-04-27 10:14:13',392,71),(1005,'2018-04-27 10:17:07','2018-04-27 10:17:07',402,113),(1006,'2018-04-27 10:17:07','2018-04-27 10:17:18',402,183),(1007,'2018-04-27 10:20:05','2018-04-27 10:20:05',404,113),(1008,'2018-04-27 10:20:05','2018-04-27 10:20:05',404,184),(1009,'2018-04-27 10:45:54','2018-04-27 10:45:54',405,65),(1010,'2018-04-27 10:45:54','2018-04-27 10:45:54',405,121),(1011,'2018-04-27 12:04:14','2018-04-27 12:04:14',406,22),(1012,'2018-04-27 12:04:14','2018-04-27 12:04:14',406,123),(1013,'2018-04-27 14:15:40','2018-04-27 14:15:40',407,47),(1014,'2018-04-27 14:15:40','2018-04-27 14:15:40',407,113),(1015,'2018-04-27 14:18:15','2018-04-27 16:27:25',408,22),(1016,'2018-04-27 14:18:15','2018-04-27 16:27:25',408,24),(1017,'2018-04-27 14:18:15','2018-04-27 14:18:15',408,121),(1019,'2018-04-27 16:04:29','2018-04-27 16:04:37',409,123),(1021,'2018-04-27 16:05:30','2018-04-27 16:05:30',411,123),(1022,'2018-04-27 16:05:30','2018-04-27 16:05:30',411,134),(1023,'2018-04-27 16:04:29','2018-04-27 16:06:59',409,22),(1024,'2018-04-27 16:05:30','2018-04-27 16:16:41',411,185),(1025,'2018-04-27 16:19:17','2018-04-27 16:19:17',414,22),(1026,'2018-04-27 16:19:17','2018-04-27 16:19:17',414,24),(1027,'2018-04-27 16:19:17','2018-05-02 16:48:11',414,122),(1030,'2018-04-27 17:32:22','2018-04-27 17:32:22',416,123),(1031,'2018-04-27 17:34:36','2018-04-27 17:34:36',417,118),(1032,'2018-04-27 16:04:29','2018-04-27 17:36:32',409,15),(1033,'2018-04-27 18:07:46','2018-04-27 18:07:57',419,49),(1034,'2018-04-27 18:07:46','2018-04-27 18:07:57',419,93),(1035,'2018-04-27 18:07:46','2018-04-27 18:07:57',419,169),(1036,'2018-04-27 18:07:46','2018-04-27 18:07:57',419,113),(1040,'2018-04-27 18:12:22','2018-04-27 18:12:22',421,47),(1041,'2018-04-27 18:12:22','2018-04-27 18:12:22',421,105),(1042,'2018-04-27 18:12:22','2018-04-27 18:12:44',421,186),(1043,'2018-04-28 09:51:07','2018-04-28 09:51:07',422,121),(1044,'2018-04-28 09:51:07','2018-04-28 09:51:07',422,187),(1045,'2018-04-26 10:53:25','2018-04-28 09:58:19',387,51),(1046,'2018-04-28 10:01:20','2018-05-02 16:58:20',424,123),(1047,'2018-04-28 10:01:20','2018-05-02 16:58:20',424,188),(1048,'2018-04-28 10:03:24','2018-04-28 10:03:24',425,22),(1049,'2018-04-27 10:17:07','2018-04-28 11:14:23',402,189),(1050,'2018-04-27 16:04:29','2018-04-28 11:15:12',409,189),(1051,'2018-04-26 17:10:29','2018-04-28 11:17:37',398,189),(1052,'2018-04-27 18:12:22','2018-04-28 11:46:55',421,31),(1053,'2018-04-27 18:12:22','2018-04-28 11:46:55',421,190),(1054,'2018-04-28 13:32:00','2018-04-28 13:32:00',430,185),(1055,'2018-04-28 13:32:00','2018-04-28 13:32:00',430,191),(1056,'2018-04-28 13:32:00','2018-04-28 13:34:08',430,192),(1057,'2018-04-26 10:53:25','2018-04-28 13:55:44',387,38),(1058,'2018-04-26 10:53:25','2018-04-28 13:55:44',387,56),(1059,'2018-04-26 10:53:25','2018-04-28 15:14:19',387,20),(1060,'2018-04-28 15:57:57','2018-04-28 17:03:21',433,3),(1061,'2018-04-28 15:57:57','2018-04-28 15:57:57',433,106),(1062,'2018-04-28 15:57:57','2018-05-02 16:34:45',433,123),(1063,'2018-04-28 15:57:57','2018-05-02 16:34:45',433,125),(1064,'2018-04-28 15:57:57','2018-04-28 17:03:21',433,45),(1066,'2018-04-28 15:57:57','2018-04-28 17:03:21',433,31),(1069,'2018-04-28 17:46:34','2018-04-28 17:46:34',436,38),(1070,'2018-04-28 17:46:34','2018-04-28 17:46:34',436,113),(1071,'2018-04-28 17:46:34','2018-04-28 17:46:34',436,134),(1072,'2018-04-28 17:46:34','2018-04-28 17:46:59',436,193),(1073,'2018-05-02 09:41:45','2018-05-02 09:41:45',437,31),(1074,'2018-05-02 09:41:45','2018-05-02 09:41:45',437,121),(1075,'2018-05-02 09:41:45','2018-05-02 09:41:45',437,194),(1076,'2018-05-02 09:43:56','2018-05-02 09:43:56',438,123),(1077,'2018-05-02 09:43:56','2018-05-02 09:43:56',438,188),(1078,'2018-05-02 09:47:34','2018-05-02 09:47:34',439,64),(1079,'2018-05-02 09:47:34','2018-05-02 09:47:34',439,195),(1080,'2018-05-02 09:49:24','2018-05-02 09:49:24',440,22),(1081,'2018-05-02 09:49:24','2018-05-02 09:49:24',440,123),(1082,'2018-05-02 09:53:04','2018-05-02 09:53:04',441,24),(1083,'2018-05-02 09:53:04','2018-05-02 09:53:04',441,123),(1086,'2018-05-02 10:11:25','2018-05-02 10:11:49',443,15),(1087,'2018-05-02 10:11:25','2018-05-02 10:11:49',443,121),(1088,'2018-05-02 10:11:25','2018-05-02 10:11:49',443,25),(1091,'2018-04-27 17:32:22','2018-05-02 10:15:11',416,15),(1092,'2018-05-02 10:20:02','2018-05-02 10:20:02',446,15),(1093,'2018-05-02 10:20:02','2018-05-02 10:20:02',446,123),(1094,'2018-04-26 12:14:19','2018-05-02 14:04:32',391,50),(1095,'2018-05-02 14:07:17','2018-05-02 14:07:17',448,15),(1096,'2018-05-02 14:07:17','2018-05-02 14:07:17',448,123),(1097,'2018-05-02 16:27:05','2018-05-02 16:27:05',449,22),(1098,'2018-05-02 16:27:05','2018-05-02 16:27:05',449,113),(1099,'2018-05-02 16:27:05','2018-05-02 16:27:05',449,196),(1100,'2018-05-02 16:29:36','2018-05-02 16:29:36',450,22),(1101,'2018-05-02 16:29:36','2018-05-02 16:29:36',450,24),(1102,'2018-05-02 16:29:36','2018-05-02 16:29:36',450,123),(1103,'2018-05-02 09:43:56','2018-05-02 16:30:39',438,19),(1104,'2018-04-28 15:57:57','2018-05-02 16:34:45',433,107),(1105,'2018-04-28 15:57:57','2018-05-02 16:34:45',433,142),(1108,'2018-04-27 16:19:17','2018-05-02 16:48:11',414,197),(1110,'2018-05-02 16:56:55','2018-05-02 16:56:55',454,195),(1113,'2018-05-02 17:15:29','2018-05-02 17:15:29',456,31),(1114,'2018-05-02 17:15:29','2018-05-02 17:15:29',456,94),(1115,'2018-05-02 17:15:29','2018-05-02 17:15:29',456,122),(1116,'2018-05-02 17:15:29','2018-05-02 17:15:29',456,198),(1117,'2018-05-02 17:15:29','2018-05-02 17:15:29',456,199),(1118,'2019-01-17 02:12:00','2019-01-17 02:12:00',457,74),(1119,'2019-01-17 02:12:00','2019-01-17 02:52:50',457,200),(1120,'2019-01-17 02:15:07','2019-01-17 02:34:34',458,31),(1121,'2019-01-17 02:15:07','2019-01-17 02:34:34',458,124),(1122,'2019-01-17 02:15:07','2019-01-17 02:15:07',458,177),(1123,'2019-01-17 02:15:07','2019-01-17 02:15:07',458,178),(1124,'2019-01-17 02:17:15','2019-01-18 08:27:07',459,31),(1125,'2019-01-17 02:17:15','2019-01-17 02:17:15',459,54),(1126,'2019-01-17 02:20:30','2019-01-17 07:35:25',460,13),(1127,'2019-01-17 02:20:30','2019-01-17 02:20:30',460,125),(1128,'2019-01-17 02:23:49','2019-01-17 02:23:49',461,201),(1129,'2019-01-17 02:23:49','2019-01-17 02:23:49',461,202),(1130,'2019-01-17 02:26:13','2019-01-17 02:26:13',462,31),(1131,'2019-01-17 02:26:13','2019-01-17 02:26:13',462,51),(1132,'2019-01-17 02:26:13','2019-01-17 02:26:13',462,123),(1133,'2019-01-17 02:26:13','2019-01-17 02:26:13',462,136),(1134,'2019-01-17 02:26:13','2019-01-17 02:26:22',462,203),(1135,'2019-01-17 02:28:48','2019-01-17 02:28:48',464,54),(1136,'2019-01-17 02:28:48','2019-01-17 02:28:48',464,113),(1137,'2019-01-17 02:28:48','2019-01-17 02:28:48',464,203),(1138,'2019-01-17 02:28:48','2019-01-17 02:29:06',464,204),(1139,'2019-01-17 02:31:08','2019-01-17 06:54:15',466,123),(1140,'2019-01-17 02:31:08','2019-01-17 06:54:15',466,201),(1141,'2019-01-17 02:31:08','2019-01-17 06:54:15',466,205),(1142,'2019-01-17 02:15:07','2019-01-17 02:34:34',458,123),(1145,'2019-01-17 02:37:03','2019-01-17 02:37:03',468,123),(1146,'2019-01-17 02:37:03','2019-01-17 02:37:03',468,201),(1147,'2019-01-17 02:37:03','2019-01-17 02:37:03',468,202),(1148,'2019-01-17 02:37:03','2019-01-17 02:37:37',468,206),(1149,'2019-01-17 02:41:18','2019-01-17 02:41:18',470,123),(1150,'2019-01-17 02:41:18','2019-01-17 02:41:28',470,207),(1151,'2019-01-17 02:43:19','2019-01-17 02:43:19',472,123),(1152,'2019-01-17 02:43:19','2019-01-17 02:43:19',472,166),(1153,'2019-01-17 02:43:19','2019-01-17 02:43:19',472,208),(1154,'2019-01-17 02:12:00','2019-01-17 02:52:50',457,210),(1156,'2019-01-17 02:12:00','2019-01-17 02:53:16',457,113),(1157,'2019-01-17 02:12:00','2019-01-17 02:56:54',457,211),(1158,'2019-01-17 02:41:18','2019-01-17 02:58:07',470,211),(1161,'2019-01-17 03:02:08','2019-01-17 03:02:08',478,123),(1162,'2019-01-17 03:02:08','2019-01-17 03:02:08',478,166),(1163,'2019-01-17 03:02:08','2019-01-17 03:02:08',478,208),(1164,'2019-01-17 03:13:13','2019-01-17 06:31:59',479,54),(1165,'2019-01-17 03:13:13','2019-01-17 06:31:59',479,122),(1166,'2019-01-17 03:13:13','2019-01-17 03:13:13',479,212),(1167,'2019-01-17 03:15:24','2019-01-17 03:15:24',480,44),(1168,'2019-01-17 03:15:24','2019-01-17 04:35:00',480,123),(1169,'2019-01-17 03:15:24','2019-01-17 03:15:39',480,213),(1170,'2019-01-17 03:20:42','2019-01-17 03:20:42',482,95),(1171,'2019-01-17 03:20:42','2019-01-22 03:45:20',482,121),(1172,'2019-01-17 03:48:18','2019-01-17 06:27:12',483,121),(1173,'2019-01-17 03:48:18','2019-01-17 06:27:12',483,214),(1177,'2019-01-17 04:07:42','2019-01-17 04:07:42',485,2),(1178,'2019-01-17 04:07:42','2019-01-17 09:45:29',485,31),(1179,'2019-01-17 04:07:42','2019-01-17 04:07:42',485,107),(1180,'2019-01-17 04:07:42','2019-01-17 09:45:29',485,123),(1181,'2019-01-17 04:07:42','2019-01-17 04:07:42',485,125),(1182,'2019-01-17 02:28:48','2019-01-17 04:08:37',464,51),(1183,'2019-01-17 04:11:27','2019-01-17 04:11:27',487,113),(1184,'2019-01-17 04:11:27','2019-01-17 04:11:27',487,147),(1185,'2019-01-17 04:32:10','2019-01-17 04:32:10',488,24),(1186,'2019-01-17 04:32:10','2019-01-17 06:22:05',488,122),(1187,'2019-01-17 04:32:10','2019-01-17 06:22:05',488,180),(1188,'2019-01-17 03:15:24','2019-01-17 04:35:00',480,215),(1190,'2019-01-17 04:32:10','2019-01-17 06:22:05',488,39),(1193,'2019-01-17 06:24:29','2019-01-17 06:24:29',491,31),(1194,'2019-01-17 06:24:29','2019-01-17 06:24:29',491,123),(1195,'2019-01-17 06:24:29','2019-01-17 06:24:29',491,125),(1196,'2019-01-17 06:24:29','2019-01-17 06:24:29',491,204),(1197,'2019-01-17 03:48:18','2019-01-17 06:27:12',483,207),(1200,'2019-01-17 03:13:13','2019-01-17 06:31:59',479,161),(1203,'2019-01-17 06:35:32','2019-01-17 06:35:32',494,123),(1204,'2019-01-17 06:35:32','2019-01-17 06:35:32',494,216),(1205,'2019-01-17 02:31:08','2019-01-17 06:54:15',466,202),(1209,'2019-01-17 07:00:19','2019-01-17 07:00:19',496,29),(1210,'2019-01-17 07:00:19','2019-01-17 07:00:19',496,62),(1211,'2019-01-17 07:00:19','2019-01-17 07:00:19',496,123),(1212,'2019-01-17 07:33:45','2019-01-17 09:29:49',497,12),(1213,'2019-01-17 07:33:45','2019-01-17 07:33:45',497,35),(1214,'2019-01-17 07:33:45','2019-01-17 09:29:49',497,92),(1215,'2019-01-17 07:33:45','2019-01-17 09:29:49',497,123),(1216,'2019-01-17 02:20:30','2019-01-17 07:35:25',460,100),(1217,'2019-01-17 02:20:30','2019-01-17 07:35:25',460,123),(1218,'2019-01-17 02:20:30','2019-01-17 07:35:25',460,205),(1220,'2019-01-17 08:38:54','2019-01-17 08:38:54',499,49),(1221,'2019-01-17 08:38:54','2019-01-17 08:38:54',499,113),(1222,'2019-01-17 08:38:54','2019-01-17 08:38:54',499,217),(1223,'2019-01-17 08:38:54','2019-01-17 08:38:54',499,218),(1224,'2019-01-17 08:40:52','2019-01-17 08:40:52',500,31),(1225,'2019-01-17 08:40:52','2019-01-17 08:40:52',500,123),(1226,'2019-01-17 08:40:52','2019-01-17 08:40:52',500,219),(1227,'2019-01-17 08:43:14','2019-01-17 08:43:14',501,122),(1228,'2019-01-17 08:43:14','2019-01-17 08:43:14',501,220),(1229,'2019-01-17 09:09:44','2019-01-17 09:09:44',502,54),(1230,'2019-01-17 09:09:44','2019-01-17 09:09:44',502,121),(1231,'2019-01-17 09:11:39','2019-01-18 02:58:48',503,31),(1232,'2019-01-17 09:11:39','2019-01-18 02:58:48',503,123),(1233,'2019-01-17 09:11:39','2019-01-17 09:11:39',503,203),(1237,'2019-01-17 09:14:14','2019-01-17 09:14:14',505,31),(1238,'2019-01-17 09:14:14','2019-01-17 09:24:54',505,123),(1239,'2019-01-17 09:16:16','2019-01-17 09:16:16',506,100),(1240,'2019-01-17 09:16:16','2019-01-17 09:16:16',506,123),(1241,'2019-01-17 09:16:16','2019-01-17 09:16:16',506,124),(1242,'2019-01-17 09:16:16','2019-01-17 09:16:16',506,221),(1243,'2019-01-17 09:21:56','2019-01-17 09:21:56',507,123),(1244,'2019-01-17 09:21:56','2019-01-17 09:21:56',507,222),(1245,'2019-01-17 09:14:14','2019-01-17 09:24:54',505,223),(1247,'2019-01-17 09:26:29','2019-01-17 09:26:29',509,12),(1248,'2019-01-17 09:26:29','2019-01-17 09:26:29',509,92),(1249,'2019-01-17 09:26:29','2019-01-17 09:26:29',509,123),(1250,'2019-01-17 07:33:45','2019-01-17 09:29:49',497,103),(1256,'2019-01-17 10:24:28','2019-01-17 10:24:28',512,123),(1257,'2019-01-17 10:24:28','2019-01-21 04:01:59',512,61),(1258,'2019-01-17 10:24:28','2019-01-18 08:37:05',512,71),(1259,'2019-01-17 10:26:58','2019-01-17 10:26:58',514,121),(1260,'2019-01-17 10:26:58','2019-01-17 10:26:58',514,201),(1261,'2019-01-18 01:50:03','2019-01-23 09:17:24',515,31),(1262,'2019-01-18 01:50:03','2019-01-23 09:17:24',515,123),(1263,'2019-01-18 01:50:03','2019-01-23 02:27:04',515,224),(1264,'2019-01-18 01:52:50','2019-01-18 02:46:11',516,65),(1265,'2019-01-18 01:52:50','2019-01-18 02:46:11',516,123),(1266,'2019-01-18 01:54:26','2019-01-18 01:54:26',517,31),(1267,'2019-01-18 01:54:26','2019-01-18 01:54:26',517,123),(1268,'2019-01-18 01:54:26','2019-01-18 01:54:26',517,219),(1269,'2019-01-18 01:56:56','2019-01-21 03:47:38',518,31),(1270,'2019-01-18 01:56:56','2019-01-21 03:47:38',518,123),(1271,'2019-01-18 01:56:56','2019-01-18 01:56:56',518,125),(1272,'2019-01-18 01:58:47','2019-01-18 01:58:47',519,31),(1273,'2019-01-18 01:58:47','2019-01-18 01:58:47',519,123),(1274,'2019-01-18 02:29:37','2019-01-18 02:29:37',520,49),(1275,'2019-01-18 02:29:37','2019-01-18 03:38:55',520,123),(1276,'2019-01-18 02:31:38','2019-01-18 02:38:57',521,60),(1277,'2019-01-18 02:31:38','2019-01-18 02:47:53',521,123),(1278,'2019-01-18 02:34:56','2019-01-18 02:34:56',522,92),(1279,'2019-01-18 02:34:56','2019-01-18 02:34:56',522,123),(1280,'2019-01-18 02:34:56','2019-01-18 02:34:56',522,177),(1283,'2019-01-17 09:11:39','2019-01-18 02:58:48',503,125),(1285,'2019-01-18 02:44:03','2019-01-18 02:44:03',525,121),(1286,'2019-01-18 02:44:03','2019-01-18 02:44:03',525,222),(1289,'2019-01-18 02:31:38','2019-01-18 02:47:53',521,54),(1291,'2019-01-18 02:48:58','2019-01-21 03:43:15',528,54),(1292,'2019-01-18 02:48:58','2019-01-21 03:43:15',528,123),(1293,'2019-01-18 02:48:58','2019-01-18 02:49:06',528,226),(1296,'2019-01-18 02:53:21','2019-01-21 04:19:04',531,31),(1297,'2019-01-18 02:53:21','2019-01-21 04:19:04',531,123),(1298,'2019-01-18 02:53:21','2019-01-21 04:19:04',531,148),(1299,'2019-01-18 02:55:05','2019-01-18 02:55:05',532,123),(1300,'2019-01-18 02:55:05','2019-01-18 02:55:05',532,177),(1301,'2019-01-18 02:55:05','2019-01-18 02:55:14',532,92),(1302,'2019-01-18 02:48:58','2019-01-18 02:56:37',528,202),(1308,'2019-01-18 02:29:37','2019-01-18 03:38:55',520,54),(1309,'2019-01-18 02:29:37','2019-01-18 03:38:55',520,92),(1311,'2019-01-18 03:41:44','2019-01-18 03:41:44',537,204),(1312,'2019-01-18 04:14:30','2019-01-18 04:14:30',538,24),(1313,'2019-01-18 04:14:30','2019-01-18 04:14:30',538,92),(1314,'2019-01-18 04:14:30','2019-01-18 04:14:30',538,123),(1315,'2019-01-18 02:29:37','2019-01-18 04:15:38',520,204),(1316,'2019-01-18 04:17:38','2019-01-18 04:17:38',540,100),(1317,'2019-01-18 04:17:38','2019-01-18 04:17:38',540,123),(1318,'2019-01-18 04:17:38','2019-01-18 04:17:38',540,125),(1319,'2019-01-18 04:17:38','2019-01-18 04:17:38',540,227),(1320,'2019-01-18 04:20:44','2019-01-18 08:15:38',541,68),(1321,'2019-01-18 04:20:44','2019-01-18 04:20:44',541,228),(1322,'2019-01-18 05:28:35','2019-01-21 07:35:33',542,19),(1323,'2019-01-18 05:28:35','2019-01-21 07:35:33',542,20),(1324,'2019-01-18 05:28:35','2019-01-21 07:35:33',542,123),(1325,'2019-01-18 05:30:23','2019-01-18 05:30:23',543,123),(1326,'2019-01-18 05:30:23','2019-01-18 05:30:23',543,177),(1327,'2019-01-18 05:30:23','2019-01-18 05:30:41',543,31),(1328,'2019-01-18 05:31:59','2019-01-18 05:31:59',545,123),(1329,'2019-01-18 05:31:59','2019-01-18 05:31:59',545,175),(1330,'2019-01-18 05:31:59','2019-01-18 05:31:59',545,229),(1331,'2019-01-18 05:35:44','2019-01-18 05:35:44',546,65),(1332,'2019-01-18 05:35:44','2019-01-18 05:35:44',546,123),(1335,'2019-01-18 05:31:59','2019-01-18 06:37:45',545,230),(1336,'2019-01-18 06:39:27','2019-01-18 06:39:27',549,2),(1337,'2019-01-18 06:39:27','2019-01-21 02:38:55',549,92),(1338,'2019-01-18 06:39:27','2019-01-18 06:40:05',549,231),(1339,'2019-01-18 06:39:27','2019-01-18 06:42:11',549,44),(1340,'2019-01-18 06:46:30','2019-01-18 06:46:30',552,201),(1341,'2019-01-18 04:20:44','2019-01-21 07:31:40',541,123),(1342,'2019-01-18 04:20:44','2019-01-18 08:15:38',541,100),(1343,'2019-01-18 04:20:44','2019-01-21 07:31:40',541,188),(1345,'2019-01-17 02:17:15','2019-01-18 08:27:07',459,123),(1346,'2019-01-17 02:17:15','2019-01-18 08:27:07',459,62),(1351,'2019-01-17 10:24:28','2019-01-21 04:01:59',512,122),(1353,'2019-01-18 08:39:22','2019-01-18 08:39:22',557,123),(1354,'2019-01-18 08:39:22','2019-01-18 08:39:22',557,169),(1355,'2019-01-18 08:40:28','2019-01-21 07:01:17',558,123),(1356,'2019-01-18 08:40:28','2019-01-18 08:40:28',558,11),(1357,'2019-01-18 08:40:28','2019-01-21 06:30:32',558,61),(1363,'2019-01-18 09:41:09','2019-01-18 09:41:09',562,123),(1364,'2019-01-18 09:41:09','2019-01-18 09:41:09',562,31),(1365,'2019-01-18 09:41:09','2019-01-18 09:41:09',562,219),(1366,'2019-01-18 09:43:07','2019-01-18 09:43:07',563,123),(1367,'2019-01-18 09:43:07','2019-01-18 09:43:07',563,222),(1368,'2019-01-21 02:19:10','2019-01-21 06:24:06',564,113),(1369,'2019-01-21 02:19:10','2019-01-21 02:41:13',564,2),(1370,'2019-01-21 02:19:10','2019-01-21 02:41:13',564,92),(1371,'2019-01-21 02:19:10','2019-01-21 06:24:06',564,171),(1372,'2019-01-21 02:19:10','2019-01-21 02:19:10',564,231),(1373,'2019-01-21 02:32:19','2019-01-21 03:06:30',565,123),(1374,'2019-01-21 02:32:19','2019-01-21 02:32:19',565,12),(1375,'2019-01-21 02:32:19','2019-01-21 02:32:19',565,35),(1376,'2019-01-21 02:32:19','2019-01-21 02:32:19',565,92),(1377,'2019-01-21 02:34:32','2019-01-21 02:34:32',566,121),(1378,'2019-01-21 02:34:32','2019-01-21 02:34:32',566,2),(1379,'2019-01-21 02:34:32','2019-01-21 02:34:32',566,92),(1380,'2019-01-21 02:34:32','2019-01-21 02:34:32',566,171),(1381,'2019-01-21 02:34:32','2019-01-21 02:34:32',566,231),(1382,'2019-01-18 06:39:27','2019-01-21 02:48:43',549,113),(1383,'2019-01-18 06:39:27','2019-01-21 02:48:43',549,233),(1384,'2019-01-18 06:39:27','2019-01-21 02:48:43',549,234),(1386,'2019-01-21 02:19:10','2019-01-21 06:24:06',564,51),(1387,'2019-01-21 02:19:10','2019-01-21 02:41:13',564,235),(1391,'2019-01-18 06:39:27','2019-01-21 02:48:43',549,35),(1395,'2019-01-18 06:39:27','2019-01-21 02:53:58',549,122),(1396,'2019-01-18 06:39:27','2019-01-21 02:53:58',549,11),(1397,'2019-01-18 06:39:27','2019-01-21 02:53:58',549,236),(1398,'2019-01-21 03:01:53','2019-01-21 03:01:53',571,122),(1399,'2019-01-21 03:01:53','2019-01-21 03:01:53',571,10),(1400,'2019-01-21 03:01:53','2019-01-21 03:01:53',571,31),(1401,'2019-01-21 03:01:53','2019-01-21 03:01:53',571,237),(1402,'2019-01-21 03:04:21','2019-01-21 03:04:21',572,122),(1403,'2019-01-21 03:04:21','2019-01-21 03:04:21',572,10),(1404,'2019-01-21 03:04:21','2019-01-21 03:04:21',572,35),(1405,'2019-01-21 03:04:21','2019-01-21 03:04:21',572,237),(1406,'2019-01-21 02:32:19','2019-01-21 03:06:30',565,203),(1407,'2019-01-21 02:32:19','2019-01-21 03:06:30',565,231),(1408,'2019-01-21 02:32:19','2019-01-21 03:06:30',565,232),(1410,'2019-01-21 03:09:18','2019-01-21 04:11:02',574,121),(1411,'2019-01-21 03:09:18','2019-01-21 04:11:02',574,231),(1412,'2019-01-21 03:09:18','2019-01-21 04:11:02',574,238),(1414,'2019-01-21 03:11:36','2019-01-21 03:11:36',576,123),(1415,'2019-01-21 03:11:36','2019-01-21 03:11:36',576,31),(1416,'2019-01-21 03:11:36','2019-01-21 03:11:36',576,219),(1417,'2019-01-21 03:13:37','2019-01-21 03:13:37',577,123),(1418,'2019-01-21 03:13:37','2019-01-21 03:13:37',577,54),(1419,'2019-01-21 03:13:37','2019-01-21 03:13:37',577,100),(1420,'2019-01-21 03:13:37','2019-01-21 03:13:37',577,204),(1421,'2019-01-21 03:13:37','2019-01-21 03:13:37',577,232),(1422,'2019-01-21 03:16:04','2019-01-22 02:22:52',578,123),(1423,'2019-01-21 03:16:04','2019-01-21 03:16:04',578,2),(1424,'2019-01-21 03:16:04','2019-01-21 03:16:04',578,100),(1425,'2019-01-21 03:16:04','2019-01-21 03:16:04',578,204),(1426,'2019-01-21 03:16:04','2019-01-21 03:16:32',578,224),(1428,'2019-01-21 03:19:19','2019-01-21 03:36:59',580,123),(1429,'2019-01-21 03:19:19','2019-01-21 03:36:59',580,38),(1430,'2019-01-21 03:19:19','2019-01-21 03:36:59',580,239),(1432,'2019-01-21 03:21:56','2019-01-24 09:45:19',582,123),(1433,'2019-01-21 03:21:56','2019-01-21 03:21:56',582,2),(1434,'2019-01-21 03:21:56','2019-01-21 03:21:56',582,12),(1435,'2019-01-21 03:21:56','2019-01-21 03:21:56',582,35),(1436,'2019-01-21 03:21:56','2019-01-24 09:45:19',582,92),(1437,'2019-01-21 03:25:55','2019-01-21 03:25:55',583,123),(1438,'2019-01-21 03:25:55','2019-01-21 03:25:55',583,240),(1439,'2019-01-21 03:28:41','2019-01-21 03:54:42',584,123),(1440,'2019-01-21 03:28:41','2019-01-21 03:28:41',584,108),(1441,'2019-01-21 03:28:41','2019-01-21 03:28:41',584,241),(1442,'2019-01-21 03:30:54','2019-01-22 03:05:14',585,123),(1443,'2019-01-21 03:30:54','2019-01-22 03:05:14',585,31),(1444,'2019-01-21 03:30:54','2019-01-22 02:36:50',585,219),(1445,'2019-01-21 03:33:44','2019-01-21 03:33:44',586,123),(1446,'2019-01-21 03:33:44','2019-01-21 03:33:44',586,29),(1447,'2019-01-21 03:33:44','2019-01-21 03:33:44',586,35),(1448,'2019-01-21 03:33:44','2019-01-21 03:33:44',586,92),(1449,'2019-01-21 03:34:59','2019-01-21 03:34:59',587,123),(1450,'2019-01-21 03:34:59','2019-01-21 03:34:59',587,31),(1451,'2019-01-21 03:34:59','2019-01-21 03:34:59',587,219),(1455,'2019-01-21 03:38:33','2019-01-21 03:38:33',589,123),(1456,'2019-01-21 03:38:33','2019-01-21 03:38:33',589,242),(1457,'2019-01-21 03:39:40','2019-01-21 03:39:40',590,123),(1458,'2019-01-21 03:39:40','2019-01-21 03:39:40',590,51),(1459,'2019-01-21 03:39:40','2019-01-21 03:39:40',590,93),(1460,'2019-01-18 02:48:58','2019-01-21 03:43:15',528,100),(1461,'2019-01-18 02:48:58','2019-01-21 03:43:15',528,204),(1464,'2019-01-21 03:44:55','2019-01-22 06:50:09',592,123),(1465,'2019-01-21 03:44:55','2019-01-22 02:39:34',592,92),(1466,'2019-01-21 03:44:55','2019-01-22 06:50:09',592,171),(1467,'2019-01-21 03:44:55','2019-01-22 02:39:34',592,231),(1468,'2019-01-18 01:56:56','2019-01-21 03:47:38',518,204),(1471,'2019-01-21 03:52:02','2019-01-21 03:52:02',594,123),(1472,'2019-01-21 03:52:02','2019-01-21 03:52:02',594,31),(1473,'2019-01-21 03:52:02','2019-01-21 03:52:02',594,243),(1474,'2019-01-21 03:28:41','2019-01-21 03:54:42',584,35),(1476,'2019-01-21 03:56:25','2019-01-22 09:31:41',596,113),(1477,'2019-01-21 03:56:25','2019-01-22 09:31:41',596,2),(1478,'2019-01-21 03:56:25','2019-01-22 09:31:41',596,35),(1479,'2019-01-21 03:56:25','2019-01-21 03:56:25',596,231),(1480,'2019-01-21 03:59:41','2019-01-21 03:59:41',597,123),(1481,'2019-01-21 03:59:41','2019-01-21 03:59:41',597,200),(1482,'2019-01-17 10:24:28','2019-01-21 04:01:59',512,29),(1485,'2019-01-21 04:03:37','2019-01-21 04:03:37',599,123),(1486,'2019-01-21 04:03:37','2019-01-21 04:03:37',599,24),(1487,'2019-01-21 04:08:16','2019-01-21 04:08:16',600,123),(1488,'2019-01-21 04:08:16','2019-01-21 04:08:16',600,31),(1489,'2019-01-21 04:08:16','2019-01-21 04:08:16',600,54),(1493,'2019-01-21 04:14:54','2019-01-21 04:14:54',602,123),(1494,'2019-01-21 04:14:54','2019-01-21 04:14:54',602,29),(1495,'2019-01-21 04:14:54','2019-01-21 04:14:54',602,214),(1496,'2019-01-21 04:17:31','2019-01-21 04:17:31',603,123),(1497,'2019-01-21 04:17:31','2019-01-21 04:17:31',603,4),(1498,'2019-01-21 04:17:31','2019-01-21 04:17:31',603,31),(1502,'2019-01-21 04:22:53','2019-01-21 04:22:53',605,122),(1503,'2019-01-21 04:22:53','2019-01-21 04:22:53',605,244),(1504,'2019-01-21 04:24:48','2019-01-21 04:24:48',606,123),(1505,'2019-01-21 04:24:48','2019-01-21 04:24:48',606,223),(1506,'2019-01-21 05:59:54','2019-01-21 07:40:18',607,123),(1507,'2019-01-21 05:59:54','2019-01-21 05:59:54',607,31),(1508,'2019-01-21 05:59:54','2019-01-21 07:22:39',607,222),(1512,'2019-01-18 08:40:28','2019-01-21 07:01:17',558,35),(1513,'2019-01-18 08:40:28','2019-01-21 06:30:32',558,51),(1514,'2019-01-18 08:40:28','2019-01-21 07:01:17',558,71),(1515,'2019-01-18 08:40:28','2019-01-21 07:01:17',558,100),(1516,'2019-01-18 08:40:28','2019-01-21 06:30:32',558,107),(1519,'2019-01-21 06:57:24','2019-01-21 06:57:24',610,123),(1520,'2019-01-21 06:57:24','2019-01-21 06:57:24',610,207),(1521,'2019-01-21 06:59:01','2019-01-21 07:26:09',611,113),(1522,'2019-01-21 06:59:01','2019-01-21 07:26:09',611,51),(1523,'2019-01-21 06:59:01','2019-01-21 07:26:09',611,245),(1524,'2019-01-18 08:40:28','2019-01-21 07:01:17',558,54),(1531,'2019-01-21 06:59:01','2019-01-21 07:26:09',611,238),(1535,'2019-01-21 05:59:54','2019-01-21 07:28:31',607,246),(1537,'2019-01-18 04:20:44','2019-01-21 07:31:40',541,29),(1540,'2019-01-21 07:33:37','2019-01-21 07:33:37',617,113),(1541,'2019-01-21 07:33:37','2019-01-21 07:33:37',617,31),(1542,'2019-01-21 07:33:37','2019-01-21 07:33:37',617,219),(1543,'2019-01-18 05:28:35','2019-01-21 07:35:33',542,92),(1547,'2019-01-21 05:59:54','2019-01-21 07:40:18',607,159),(1549,'2019-01-21 07:43:34','2019-01-21 07:43:34',620,123),(1550,'2019-01-21 07:43:34','2019-01-21 07:43:34',620,31),(1551,'2019-01-21 07:43:34','2019-01-21 07:43:34',620,214),(1552,'2019-01-21 07:47:23','2019-01-21 09:03:10',621,123),(1553,'2019-01-21 07:47:23','2019-01-21 07:47:23',621,54),(1554,'2019-01-21 07:47:23','2019-01-21 07:47:23',621,100),(1555,'2019-01-21 07:47:23','2019-01-21 07:47:23',621,107),(1556,'2019-01-21 07:47:23','2019-01-21 07:47:23',621,226),(1557,'2019-01-21 08:38:26','2019-01-21 08:54:20',622,122),(1558,'2019-01-21 08:38:26','2019-01-21 08:38:26',622,239),(1559,'2019-01-21 08:38:26','2019-01-21 08:54:20',622,246),(1560,'2019-01-21 08:41:53','2019-01-22 07:11:10',623,123),(1561,'2019-01-21 08:41:53','2019-01-22 07:11:10',623,137),(1562,'2019-01-21 08:41:53','2019-01-22 07:11:10',623,222),(1563,'2019-01-21 08:44:25','2019-01-21 08:44:25',624,123),(1564,'2019-01-21 08:44:25','2019-01-21 08:44:25',624,45),(1565,'2019-01-21 08:44:25','2019-01-21 08:44:25',624,194),(1566,'2019-01-21 08:46:41','2019-01-21 10:04:04',625,121),(1567,'2019-01-21 08:46:41','2019-01-21 08:46:41',625,247),(1568,'2019-01-21 08:49:04','2019-01-24 02:06:14',626,123),(1569,'2019-01-21 08:49:04','2019-01-21 08:49:04',626,36),(1570,'2019-01-21 08:38:26','2019-01-21 08:54:20',622,241),(1573,'2019-01-21 08:56:14','2019-01-21 08:56:14',628,123),(1574,'2019-01-21 08:56:14','2019-01-21 08:56:14',628,248),(1575,'2019-01-21 08:46:41','2019-01-21 08:58:41',625,49),(1577,'2019-01-21 07:47:23','2019-01-21 09:03:10',621,222),(1579,'2019-01-21 08:46:41','2019-01-21 09:05:36',625,5),(1581,'2019-01-21 09:46:23','2019-01-21 09:46:23',632,113),(1582,'2019-01-21 09:46:23','2019-01-21 09:46:23',632,35),(1583,'2019-01-21 09:46:23','2019-01-21 09:46:23',632,92),(1584,'2019-01-21 09:46:23','2019-01-21 09:46:23',632,201),(1585,'2019-01-21 09:46:23','2019-01-21 09:46:23',632,45),(1586,'2019-01-21 09:46:23','2019-01-21 09:46:23',632,249),(1587,'2019-01-21 09:49:25','2019-01-21 09:49:25',633,121),(1588,'2019-01-21 09:49:25','2019-01-21 09:49:25',633,188),(1589,'2019-01-21 09:56:39','2019-01-21 09:56:39',634,113),(1590,'2019-01-21 09:56:39','2019-01-21 09:56:39',634,250),(1591,'2019-01-21 08:46:41','2019-01-21 10:04:04',625,31),(1592,'2019-01-21 08:46:41','2019-01-21 10:04:04',625,1),(1594,'2019-01-22 02:16:48','2019-01-22 02:16:48',636,123),(1595,'2019-01-22 02:16:48','2019-01-22 02:16:48',636,54),(1596,'2019-01-22 02:16:48','2019-01-22 02:16:48',636,100),(1597,'2019-01-22 02:16:48','2019-01-22 02:16:48',636,51),(1598,'2019-01-22 02:16:48','2019-01-22 02:16:48',636,204),(1599,'2019-01-21 03:30:54','2019-01-22 02:36:50',585,51),(1600,'2019-01-21 03:30:54','2019-01-22 02:36:50',585,251),(1602,'2019-01-21 03:16:04','2019-01-22 02:22:52',578,51),(1603,'2019-01-21 03:16:04','2019-01-22 02:22:52',578,70),(1604,'2019-01-21 03:16:04','2019-01-22 02:22:52',578,232),(1606,'2019-01-22 02:26:13','2019-01-22 02:26:13',639,123),(1607,'2019-01-22 02:26:13','2019-01-22 02:26:13',639,31),(1608,'2019-01-22 02:26:13','2019-01-22 02:26:13',639,252),(1609,'2019-01-22 02:28:11','2019-01-22 02:28:11',640,123),(1610,'2019-01-22 02:28:11','2019-01-22 02:28:11',640,31),(1611,'2019-01-22 02:28:11','2019-01-22 02:28:11',640,253),(1612,'2019-01-22 02:31:34','2019-01-22 02:31:34',641,123),(1613,'2019-01-22 02:31:34','2019-01-22 02:31:34',641,31),(1614,'2019-01-22 02:31:34','2019-01-22 02:31:34',641,254),(1615,'2019-01-22 02:31:34','2019-01-22 02:31:34',641,255),(1616,'2019-01-22 02:35:12','2019-01-22 02:35:12',642,121),(1617,'2019-01-22 02:35:12','2019-01-22 02:35:12',642,31),(1618,'2019-01-22 02:35:12','2019-01-22 02:35:12',642,29),(1619,'2019-01-22 02:35:12','2019-01-22 02:35:12',642,247),(1625,'2019-01-21 03:44:55','2019-01-22 02:39:34',592,2),(1630,'2019-01-22 02:41:55','2019-01-22 06:46:47',645,123),(1631,'2019-01-22 02:41:55','2019-01-22 06:46:47',645,31),(1632,'2019-01-22 02:41:55','2019-01-22 02:41:55',645,219),(1633,'2019-01-21 03:44:55','2019-01-22 06:50:09',592,234),(1635,'2019-01-22 02:53:00','2019-01-22 02:53:00',647,123),(1636,'2019-01-22 02:53:00','2019-01-22 02:53:00',647,137),(1637,'2019-01-22 03:01:30','2019-01-22 04:57:16',648,123),(1638,'2019-01-22 03:01:30','2019-01-22 03:48:07',648,245),(1639,'2019-01-21 03:30:54','2019-01-22 03:05:14',585,257),(1642,'2019-01-22 03:07:23','2019-01-22 03:07:23',650,123),(1643,'2019-01-22 03:07:23','2019-01-22 03:07:23',650,258),(1644,'2019-01-22 03:09:07','2019-01-22 03:09:07',651,123),(1645,'2019-01-22 03:09:07','2019-01-22 03:09:07',651,258),(1646,'2019-01-17 03:20:42','2019-01-22 03:45:20',482,11),(1650,'2019-01-22 02:41:55','2019-01-22 06:25:08',645,215),(1651,'2019-01-22 02:41:55','2019-01-22 06:46:47',645,222),(1653,'2019-01-22 04:44:37','2019-01-22 04:44:37',655,123),(1654,'2019-01-22 04:44:37','2019-01-22 04:44:37',655,251),(1655,'2019-01-22 04:47:17','2019-01-22 06:03:26',656,123),(1656,'2019-01-22 04:47:17','2019-01-22 04:47:17',656,29),(1657,'2019-01-22 04:47:17','2019-01-22 04:48:07',656,24),(1659,'2019-01-22 04:51:44','2019-01-22 04:51:44',658,123),(1660,'2019-01-22 04:51:44','2019-01-22 04:51:44',658,201),(1661,'2019-01-22 04:51:44','2019-01-22 04:51:44',658,29),(1662,'2019-01-22 04:51:44','2019-01-22 04:51:44',658,51),(1663,'2019-01-22 04:51:44','2019-01-22 04:51:44',658,259),(1664,'2019-01-22 04:52:47','2019-01-22 04:52:47',659,123),(1665,'2019-01-22 04:52:47','2019-01-22 04:52:47',659,31),(1666,'2019-01-22 04:52:47','2019-01-22 04:52:47',659,219),(1667,'2019-01-22 04:55:50','2019-01-22 06:22:32',660,121),(1668,'2019-01-22 04:55:50','2019-01-22 06:22:32',660,35),(1669,'2019-01-22 04:55:50','2019-01-22 06:22:32',660,53),(1670,'2019-01-22 04:55:50','2019-01-22 06:22:32',660,92),(1671,'2019-01-22 04:55:50','2019-01-22 06:22:32',660,260),(1673,'2019-01-22 03:01:30','2019-01-22 04:57:16',648,238),(1674,'2019-01-22 03:01:30','2019-01-22 04:57:16',648,137),(1676,'2019-01-22 04:47:17','2019-01-22 06:03:26',656,20),(1678,'2019-01-22 06:08:58','2019-01-22 06:41:42',664,122),(1679,'2019-01-22 06:08:58','2019-01-22 06:41:42',664,35),(1680,'2019-01-22 06:08:58','2019-01-22 06:41:42',664,54),(1681,'2019-01-22 06:08:58','2019-01-22 06:41:42',664,100),(1682,'2019-01-22 06:08:58','2019-01-22 06:08:58',664,132),(1683,'2019-01-22 06:08:58','2019-01-22 06:41:42',664,145),(1684,'2019-01-22 06:14:39','2019-01-22 06:14:39',665,123),(1685,'2019-01-22 06:14:39','2019-01-22 06:14:39',665,35),(1686,'2019-01-22 06:14:39','2019-01-22 06:14:39',665,54),(1687,'2019-01-22 06:14:39','2019-01-22 06:14:39',665,92),(1688,'2019-01-22 06:14:39','2019-01-22 06:14:39',665,188),(1689,'2019-01-22 04:55:50','2019-01-22 06:22:32',660,250),(1703,'2019-01-22 02:41:55','2019-01-22 06:46:47',645,4),(1707,'2019-01-21 03:44:55','2019-01-22 06:50:09',592,150),(1711,'2019-01-22 06:58:21','2019-01-22 07:35:12',671,123),(1712,'2019-01-22 06:58:21','2019-01-22 06:58:21',671,261),(1713,'2019-01-22 07:01:28','2019-01-22 07:01:28',672,123),(1714,'2019-01-22 07:01:28','2019-01-22 07:01:28',672,31),(1715,'2019-01-22 07:01:28','2019-01-22 07:01:28',672,125),(1716,'2019-01-22 07:01:28','2019-01-22 07:01:28',672,204),(1717,'2019-01-22 07:01:28','2019-01-22 07:01:28',672,262),(1718,'2019-01-22 07:03:11','2019-01-22 09:29:43',673,123),(1719,'2019-01-22 07:03:11','2019-01-22 09:29:43',673,31),(1720,'2019-01-22 07:03:11','2019-01-22 07:03:11',673,8),(1721,'2019-01-22 07:03:11','2019-01-22 07:03:11',673,45),(1722,'2019-01-22 07:03:11','2019-01-22 07:03:11',673,58),(1723,'2019-01-22 07:03:11','2019-01-22 07:03:11',673,214),(1727,'2019-01-22 07:13:24','2019-01-25 02:29:45',675,121),(1728,'2019-01-22 07:13:24','2019-01-25 02:29:45',675,258),(1729,'2019-01-22 06:58:21','2019-01-22 07:35:12',671,159),(1731,'2019-01-22 09:17:34','2019-01-22 09:17:34',677,122),(1732,'2019-01-22 09:17:34','2019-01-22 09:17:34',677,100),(1733,'2019-01-22 09:17:34','2019-01-22 09:17:34',677,214),(1734,'2019-01-22 09:19:37','2019-01-22 09:19:37',678,121),(1735,'2019-01-22 09:19:37','2019-01-22 09:19:37',678,51),(1736,'2019-01-22 09:19:37','2019-01-22 09:19:37',678,265),(1737,'2019-01-22 09:24:07','2019-01-22 09:24:07',679,123),(1738,'2019-01-22 09:24:07','2019-01-22 09:24:07',679,29),(1739,'2019-01-22 09:24:07','2019-01-22 09:24:07',679,188),(1740,'2019-01-22 07:03:11','2019-01-22 09:29:43',673,137),(1741,'2019-01-22 07:03:11','2019-01-22 09:29:43',673,266),(1744,'2019-01-21 03:56:25','2019-01-22 09:31:41',596,53),(1745,'2019-01-21 03:56:25','2019-01-22 09:31:41',596,92),(1746,'2019-01-21 03:56:25','2019-01-22 09:31:41',596,232),(1750,'2019-01-22 10:16:43','2019-01-23 02:13:56',682,123),(1751,'2019-01-22 10:16:43','2019-01-23 02:13:30',682,54),(1752,'2019-01-22 10:16:43','2019-01-22 10:16:43',682,226),(1753,'2019-01-23 02:06:58','2019-01-23 02:06:58',683,123),(1754,'2019-01-23 02:06:58','2019-01-23 02:06:58',683,258),(1755,'2019-01-23 02:08:14','2019-01-23 02:08:49',684,123),(1756,'2019-01-23 02:08:14','2019-01-23 02:08:14',684,31),(1757,'2019-01-23 02:08:14','2019-01-23 02:08:14',684,51),(1758,'2019-01-23 02:08:14','2019-01-23 02:08:14',684,124),(1759,'2019-01-23 02:08:14','2019-01-23 02:08:49',684,267),(1761,'2019-01-23 02:11:43','2019-01-23 03:08:48',686,123),(1762,'2019-01-23 02:11:43','2019-01-23 03:08:48',686,35),(1763,'2019-01-23 02:11:43','2019-01-23 03:08:48',686,54),(1764,'2019-01-23 02:11:43','2019-01-23 03:08:48',686,100),(1765,'2019-01-23 02:11:43','2019-01-23 02:11:43',686,51),(1766,'2019-01-22 10:16:43','2019-01-23 02:13:30',682,35),(1767,'2019-01-22 10:16:43','2019-01-23 02:13:30',682,100),(1770,'2019-01-22 10:16:43','2019-01-23 02:13:56',682,268),(1772,'2019-01-23 02:18:24','2019-01-23 04:40:30',689,123),(1773,'2019-01-23 02:18:24','2019-01-23 02:29:33',689,31),(1774,'2019-01-23 02:18:24','2019-01-23 02:18:24',689,125),(1775,'2019-01-23 02:18:24','2019-01-23 02:18:24',689,224),(1776,'2019-01-23 02:18:24','2019-01-23 02:18:24',689,232),(1777,'2019-01-23 02:18:24','2019-01-23 02:18:24',689,243),(1778,'2019-01-23 02:20:47','2019-01-23 02:20:47',690,123),(1779,'2019-01-23 02:20:47','2019-01-23 02:20:47',690,35),(1780,'2019-01-23 02:20:47','2019-01-23 02:20:47',690,54),(1781,'2019-01-23 02:20:47','2019-01-23 02:20:47',690,100),(1782,'2019-01-23 02:20:47','2019-01-23 02:20:47',690,51),(1783,'2019-01-23 02:20:47','2019-01-23 02:20:47',690,246),(1784,'2019-01-23 02:24:23','2019-01-23 02:24:23',691,123),(1785,'2019-01-23 02:24:23','2019-01-23 02:24:23',691,38),(1786,'2019-01-23 02:24:23','2019-01-23 02:24:23',691,264),(1787,'2019-01-23 02:24:23','2019-01-23 02:24:23',691,269),(1791,'2019-01-23 02:18:24','2019-01-23 02:29:33',689,204),(1794,'2019-01-23 02:11:43','2019-01-23 03:08:48',686,5),(1796,'2019-01-23 03:06:26','2019-01-23 03:06:26',695,123),(1797,'2019-01-23 03:06:26','2019-01-23 03:06:26',695,92),(1798,'2019-01-23 03:06:26','2019-01-23 03:06:26',695,137),(1799,'2019-01-23 02:11:43','2019-01-23 03:08:48',686,158),(1805,'2019-01-18 01:50:03','2019-01-23 03:24:41',515,148),(1808,'2019-01-23 04:15:51','2019-01-23 04:15:51',698,123),(1809,'2019-01-23 04:15:51','2019-01-23 04:15:51',698,31),(1810,'2019-01-23 04:15:51','2019-01-23 04:15:51',698,137),(1811,'2019-01-23 04:15:51','2019-01-23 04:15:51',698,219),(1812,'2019-01-23 04:27:18','2019-01-23 04:27:18',699,123),(1813,'2019-01-23 04:27:18','2019-01-23 04:27:18',699,270),(1814,'2019-01-23 04:29:50','2019-01-23 05:30:46',700,123),(1815,'2019-01-23 04:29:50','2019-01-23 04:29:50',700,270),(1816,'2019-01-23 04:32:38','2019-01-23 04:32:38',701,113),(1817,'2019-01-23 04:32:38','2019-01-23 04:32:38',701,35),(1818,'2019-01-23 04:32:38','2019-01-23 04:32:38',701,54),(1819,'2019-01-23 04:32:38','2019-01-23 04:32:38',701,100),(1820,'2019-01-23 04:32:38','2019-01-23 04:32:38',701,49),(1821,'2019-01-23 04:32:38','2019-01-23 04:32:38',701,81),(1822,'2019-01-23 04:35:52','2019-01-25 02:33:16',702,122),(1823,'2019-01-23 04:35:52','2019-01-25 02:22:47',702,222),(1824,'2019-01-23 04:37:28','2019-01-23 04:37:28',703,123),(1825,'2019-01-23 04:37:28','2019-01-23 04:37:28',703,270),(1826,'2019-01-23 04:37:28','2019-01-23 04:39:26',703,113),(1827,'2019-01-23 04:37:28','2019-01-23 04:39:26',703,92),(1828,'2019-01-23 02:18:24','2019-01-23 04:40:30',689,51),(1830,'2019-01-23 04:35:52','2019-01-25 02:22:47',702,271),(1833,'2019-01-23 04:29:50','2019-01-23 05:30:46',700,35),(1834,'2019-01-23 04:29:50','2019-01-23 05:30:46',700,146),(1835,'2019-01-23 04:29:50','2019-01-23 05:30:46',700,272),(1839,'2019-01-18 01:50:03','2019-01-23 06:18:25',515,136),(1842,'2019-01-23 06:48:41','2019-01-24 09:21:44',710,123),(1843,'2019-01-23 06:48:41','2019-01-24 09:21:44',710,31),(1844,'2019-01-23 06:49:40','2019-01-23 06:49:40',711,123),(1845,'2019-01-23 06:49:40','2019-01-23 06:49:40',711,35),(1846,'2019-01-23 06:49:40','2019-01-23 06:49:40',711,54),(1847,'2019-01-23 06:49:40','2019-01-23 06:49:40',711,100),(1848,'2019-01-23 06:49:40','2019-01-23 06:49:40',711,51),(1849,'2019-01-23 07:19:04','2019-01-23 07:47:37',712,113),(1850,'2019-01-23 07:19:04','2019-01-23 07:19:04',712,35),(1851,'2019-01-23 07:19:04','2019-01-23 07:19:04',712,53),(1852,'2019-01-23 07:19:04','2019-01-23 07:19:04',712,92),(1853,'2019-01-23 07:19:04','2019-01-23 07:19:04',712,222),(1854,'2019-01-23 07:19:04','2019-01-23 07:42:35',712,152),(1855,'2019-01-23 07:19:04','2019-01-23 07:42:35',712,246),(1858,'2019-01-23 06:48:41','2019-01-23 07:46:42',710,95),(1859,'2019-01-23 06:48:41','2019-01-24 09:21:35',710,222),(1861,'2019-01-23 07:19:04','2019-01-23 07:47:37',712,273),(1863,'2019-01-23 08:07:57','2019-01-23 08:07:57',717,123),(1864,'2019-01-23 08:07:57','2019-01-23 08:07:57',717,31),(1865,'2019-01-23 08:07:57','2019-01-23 08:07:57',717,29),(1866,'2019-01-23 08:35:58','2019-01-23 08:35:58',718,123),(1867,'2019-01-23 08:35:58','2019-01-23 08:35:58',718,274),(1874,'2019-01-23 09:14:46','2019-01-23 09:14:46',722,123),(1875,'2019-01-23 09:14:46','2019-01-23 09:14:46',722,31),(1876,'2019-01-18 01:50:03','2019-01-23 09:17:24',515,3),(1877,'2019-01-18 01:50:03','2019-01-23 09:17:24',515,232),(1880,'2019-01-23 09:51:51','2019-01-23 09:51:51',724,123),(1881,'2019-01-24 01:47:02','2019-01-24 06:00:18',725,123),(1882,'2019-01-24 01:47:02','2019-01-24 06:00:18',725,31),(1883,'2019-01-24 01:47:02','2019-01-24 01:47:02',725,137),(1884,'2019-01-24 01:49:24','2019-01-24 01:49:24',726,123),(1885,'2019-01-24 01:49:24','2019-01-24 01:49:24',726,31),(1886,'2019-01-24 01:51:03','2019-01-24 01:51:03',727,123),(1887,'2019-01-24 01:51:03','2019-01-24 01:51:03',727,137),(1888,'2019-01-24 01:51:03','2019-01-24 01:51:03',727,248),(1889,'2019-01-24 01:53:53','2019-01-24 01:54:06',728,123),(1890,'2019-01-24 01:53:53','2019-01-24 01:53:53',728,53),(1891,'2019-01-24 01:53:53','2019-01-24 01:53:53',728,92),(1892,'2019-01-24 01:53:53','2019-01-24 01:54:06',728,223),(1894,'2019-01-21 08:49:04','2019-01-24 02:06:14',626,258),(1896,'2019-01-24 02:10:16','2019-01-24 02:11:32',731,121),(1897,'2019-01-24 02:10:16','2019-01-24 02:10:16',731,31),(1898,'2019-01-24 02:10:16','2019-01-24 02:11:32',731,105),(1900,'2019-01-24 02:19:48','2019-01-24 07:06:33',733,123),(1901,'2019-01-24 02:19:48','2019-01-24 02:19:48',733,31),(1902,'2019-01-24 02:53:48','2019-01-24 02:53:48',734,113),(1903,'2019-01-24 03:04:34','2019-01-24 03:23:44',735,122),(1904,'2019-01-24 03:04:34','2019-01-24 03:23:44',735,201),(1905,'2019-01-24 03:04:34','2019-01-24 03:23:44',735,274),(1908,'2019-01-24 02:19:48','2019-01-24 04:20:06',733,124),(1910,'2019-01-24 04:24:10','2019-01-24 04:24:10',738,123),(1911,'2019-01-24 04:24:10','2019-01-24 07:04:44',738,31),(1912,'2019-01-24 04:24:10','2019-01-24 04:24:10',738,275),(1913,'2019-01-24 04:25:50','2019-01-24 04:25:50',739,123),(1914,'2019-01-24 04:25:50','2019-01-24 04:25:50',739,38),(1915,'2019-01-24 05:47:57','2019-01-24 05:57:36',740,113),(1916,'2019-01-24 05:47:57','2019-01-24 05:57:36',740,31),(1917,'2019-01-24 05:47:57','2019-01-24 05:47:57',740,23),(1918,'2019-01-24 05:47:57','2019-01-24 05:47:57',740,107),(1919,'2019-01-24 05:47:57','2019-01-24 05:47:57',740,124),(1920,'2019-01-24 05:49:59','2019-01-25 02:11:48',741,123),(1921,'2019-01-24 05:49:59','2019-01-24 05:49:59',741,35),(1922,'2019-01-24 05:49:59','2019-01-24 05:49:59',741,54),(1923,'2019-01-24 05:49:59','2019-01-24 05:49:59',741,100),(1924,'2019-01-24 05:49:59','2019-01-24 05:49:59',741,219),(1925,'2019-01-24 05:53:38','2019-01-25 02:14:03',742,122),(1926,'2019-01-24 05:53:38','2019-01-24 05:53:38',742,54),(1927,'2019-01-24 05:53:38','2019-01-24 05:53:38',742,92),(1928,'2019-01-24 05:53:38','2019-01-24 08:43:44',742,171),(1929,'2019-01-24 05:53:38','2019-01-24 05:55:19',742,123),(1930,'2019-01-24 05:53:38','2019-01-24 05:55:19',742,276),(1931,'2019-01-24 05:47:57','2019-01-24 05:57:36',740,63),(1934,'2019-01-24 05:59:20','2019-01-24 06:17:06',745,123),(1935,'2019-01-24 05:59:20','2019-01-24 06:17:06',745,31),(1936,'2019-01-24 05:59:20','2019-01-24 05:59:20',745,204),(1937,'2019-01-24 05:59:20','2019-01-24 05:59:20',745,232),(1938,'2019-01-24 01:47:02','2019-01-24 06:00:18',725,226),(1941,'2019-01-24 06:01:46','2019-01-24 06:01:46',747,123),(1942,'2019-01-24 06:01:46','2019-01-24 06:01:46',747,258),(1943,'2019-01-24 06:15:51','2019-01-24 06:15:51',748,123),(1944,'2019-01-24 06:15:51','2019-01-24 06:15:51',748,152),(1945,'2019-01-24 06:15:51','2019-01-24 06:15:51',748,192),(1946,'2019-01-24 05:59:20','2019-01-24 06:17:06',745,243),(1949,'2019-01-24 04:24:10','2019-01-24 07:04:44',738,113),(1950,'2019-01-24 04:24:10','2019-01-24 07:04:44',738,148),(1952,'2019-01-24 02:19:48','2019-01-24 07:06:33',733,11),(1954,'2019-01-24 07:10:06','2019-01-24 07:10:06',752,123),(1955,'2019-01-24 07:10:06','2019-01-24 07:10:06',752,29),(1956,'2019-01-24 07:10:06','2019-01-24 07:10:06',752,103),(1957,'2019-01-24 07:43:27','2019-01-24 07:43:27',753,123),(1958,'2019-01-24 07:43:27','2019-01-24 07:43:27',753,31),(1959,'2019-01-24 07:43:27','2019-01-24 07:43:27',753,169),(1960,'2019-01-24 07:43:27','2019-01-24 07:43:27',753,237),(1961,'2019-01-24 08:12:27','2019-01-25 07:49:19',754,123),(1962,'2019-01-24 08:12:27','2019-01-25 07:49:19',754,31),(1963,'2019-01-24 08:12:27','2019-01-24 08:12:27',754,2),(1964,'2019-01-24 08:12:27','2019-01-24 08:12:27',754,107),(1965,'2019-01-24 08:12:27','2019-01-24 08:12:27',754,124),(1966,'2019-01-24 05:53:38','2019-01-24 08:43:44',742,157),(1969,'2019-01-23 06:48:41','2019-01-24 09:00:32',710,74),(1970,'2019-01-23 06:48:41','2019-01-24 09:00:32',710,185),(1979,'2019-01-25 01:54:12','2019-01-25 01:54:12',760,123),(1980,'2019-01-25 01:54:12','2019-01-25 01:54:12',760,258),(1981,'2019-01-25 01:56:05','2019-01-25 01:56:05',761,123),(1982,'2019-01-25 01:56:05','2019-01-25 01:56:05',761,222),(1983,'2019-01-25 01:58:31','2019-01-25 02:26:47',762,123),(1984,'2019-01-25 01:58:31','2019-01-25 02:26:47',762,222),(1985,'2019-01-25 02:00:33','2019-01-25 02:00:33',763,123),(1986,'2019-01-25 02:00:33','2019-01-25 02:00:33',763,31),(1987,'2019-01-25 02:00:33','2019-01-25 02:00:33',763,248),(1988,'2019-01-25 02:01:57','2019-01-25 02:52:27',764,123),(1989,'2019-01-25 02:01:57','2019-01-25 02:52:27',764,31),(1990,'2019-01-25 02:01:57','2019-01-25 02:01:57',764,219),(1991,'2019-01-25 02:03:14','2019-01-25 02:03:14',765,123),(1992,'2019-01-25 02:03:14','2019-01-25 02:03:14',765,31),(1993,'2019-01-25 02:03:14','2019-01-25 02:03:14',765,219),(1994,'2019-01-25 02:04:40','2019-01-25 02:04:40',766,123),(1995,'2019-01-25 02:04:40','2019-01-25 02:04:40',766,31),(1996,'2019-01-25 02:04:40','2019-01-25 02:04:40',766,224),(1997,'2019-01-25 02:06:23','2019-01-25 02:28:17',767,123),(1998,'2019-01-25 02:06:23','2019-01-25 02:06:23',767,31),(1999,'2019-01-25 02:06:23','2019-01-25 02:06:23',767,2),(2000,'2019-01-25 02:07:40','2019-01-25 02:07:40',768,123),(2001,'2019-01-25 02:07:40','2019-01-25 02:07:40',768,31),(2002,'2019-01-25 02:07:40','2019-01-25 02:07:40',768,255),(2003,'2019-01-25 02:08:50','2019-01-25 02:08:50',769,123),(2004,'2019-01-25 02:08:50','2019-01-25 02:08:50',769,31),(2005,'2019-01-25 02:08:50','2019-01-25 02:08:50',769,51),(2006,'2019-01-24 05:49:59','2019-01-25 02:11:48',741,31),(2007,'2019-01-24 05:49:59','2019-01-25 02:11:48',741,38),(2008,'2019-01-24 05:49:59','2019-01-25 02:11:48',741,105),(2010,'2019-01-24 05:53:38','2019-01-25 02:13:18',742,37),(2011,'2019-01-24 05:53:38','2019-01-25 02:13:18',742,38),(2013,'2019-01-24 05:53:38','2019-01-25 02:14:03',742,277),(2015,'2019-01-23 04:35:52','2019-01-25 02:22:47',702,31),(2019,'2019-01-25 02:24:50','2019-01-25 02:24:50',774,113),(2020,'2019-01-25 02:24:50','2019-01-25 02:24:50',774,31),(2021,'2019-01-25 02:24:50','2019-01-25 02:24:50',774,86),(2022,'2019-01-25 01:58:31','2019-01-25 02:26:47',762,31),(2025,'2019-01-25 02:06:23','2019-01-25 02:28:17',767,125),(2026,'2019-01-25 02:06:23','2019-01-25 02:28:17',767,126),(2027,'2019-01-25 02:06:23','2019-01-25 02:28:17',767,232),(2031,'2019-01-23 04:35:52','2019-01-25 02:33:16',702,208),(2033,'2019-01-25 02:45:39','2019-01-25 02:45:39',779,122),(2034,'2019-01-25 02:45:39','2019-01-25 02:45:39',779,269),(2035,'2019-01-25 02:01:57','2019-01-25 02:52:27',764,51),(2038,'2019-01-25 02:01:57','2019-01-25 02:52:27',764,222),(2042,'2019-01-25 03:52:38','2019-01-25 03:52:38',782,123),(2043,'2019-01-25 03:52:38','2019-01-25 03:52:38',782,31),(2044,'2019-01-25 03:52:38','2019-01-25 03:52:38',782,219),(2045,'2019-01-25 03:58:06','2019-01-25 03:58:06',783,123),(2046,'2019-01-25 03:58:06','2019-01-25 03:58:06',783,238),(2047,'2019-01-25 03:58:06','2019-01-25 03:58:06',783,245),(2048,'2019-01-25 04:34:41','2019-01-25 04:34:41',784,113),(2049,'2019-01-25 04:34:41','2019-01-25 04:34:41',784,231),(2050,'2019-01-25 04:37:13','2019-01-25 04:37:13',785,122),(2051,'2019-01-25 04:37:13','2019-01-25 04:37:13',785,62),(2052,'2019-01-25 04:38:45','2019-01-25 04:38:45',786,123),(2053,'2019-01-25 04:38:45','2019-01-25 04:38:45',786,31),(2054,'2019-01-25 04:38:45','2019-01-25 04:38:45',786,49),(2055,'2019-01-25 05:32:40','2019-01-25 05:32:40',787,123),(2056,'2019-01-25 05:32:40','2019-01-25 05:32:40',787,31),(2057,'2019-01-25 05:32:40','2019-01-25 05:32:40',787,124),(2058,'2019-01-25 06:02:56','2019-01-25 06:02:56',788,123),(2059,'2019-01-25 06:02:56','2019-01-25 06:02:56',788,4),(2060,'2019-01-25 06:02:56','2019-01-25 06:02:56',788,29),(2061,'2019-01-25 06:04:43','2019-01-25 08:34:34',789,123),(2062,'2019-01-25 06:04:43','2019-01-25 08:34:34',789,35),(2063,'2019-01-25 06:04:43','2019-01-25 08:34:34',789,54),(2064,'2019-01-25 06:04:43','2019-01-25 08:34:34',789,100),(2065,'2019-01-25 06:04:43','2019-01-25 06:04:43',789,202),(2066,'2019-01-25 06:04:43','2019-01-25 06:46:57',789,125),(2071,'2019-01-25 06:51:57','2019-01-25 06:51:57',791,123),(2072,'2019-01-25 06:51:57','2019-01-25 06:51:57',791,35),(2073,'2019-01-25 06:51:57','2019-01-25 06:51:57',791,29),(2074,'2019-01-24 08:12:27','2019-01-25 06:55:03',754,3),(2075,'2019-01-24 08:12:27','2019-01-25 06:55:03',754,125),(2076,'2019-01-24 08:12:27','2019-01-25 07:49:19',754,204),(2079,'2019-01-25 06:56:33','2019-01-25 09:40:14',793,123),(2080,'2019-01-25 06:56:33','2019-01-25 09:40:14',793,31),(2081,'2019-01-25 06:56:33','2019-01-25 06:56:33',793,219),(2082,'2019-01-25 06:59:26','2019-01-25 06:59:26',794,123),(2083,'2019-01-25 06:59:26','2019-01-25 06:59:26',794,100),(2084,'2019-01-25 06:59:26','2019-01-25 06:59:26',794,45),(2085,'2019-01-25 06:59:26','2019-01-25 06:59:26',794,125),(2086,'2019-01-25 06:59:26','2019-01-25 06:59:26',794,204),(2087,'2019-01-25 07:02:53','2019-01-25 07:02:53',795,113),(2088,'2019-01-25 07:02:53','2019-01-25 07:02:53',795,49),(2089,'2019-01-24 08:12:27','2019-01-25 07:49:19',754,232),(2093,'2019-01-25 07:54:53','2019-01-25 07:54:53',797,122),(2094,'2019-01-25 07:54:53','2019-01-25 07:54:53',797,146),(2095,'2019-01-25 07:54:53','2019-01-25 07:54:53',797,194),(2096,'2019-01-25 06:04:43','2019-01-25 08:34:34',789,159),(2101,'2019-01-25 08:35:31','2019-01-25 08:35:31',799,123),(2102,'2019-01-25 08:35:31','2019-01-25 08:35:31',799,54),(2103,'2019-01-25 08:35:31','2019-01-25 08:35:31',799,108),(2104,'2019-01-25 06:56:33','2019-01-25 09:40:14',793,51),(2105,'2019-01-25 06:56:33','2019-01-25 09:40:14',793,222);
/*!40000 ALTER TABLE `r_workorder_keyword` ENABLE KEYS */;
UNLOCK TABLES;

--
-- Table structure for table `t_category`
--

DROP TABLE IF EXISTS `t_category`;
/*!40101 SET @saved_cs_client     = @@character_set_client */;
 SET character_set_client = utf8mb4 ;
CREATE TABLE `t_category` (
  `id` bigint(20) NOT NULL AUTO_INCREMENT,
  `create_time` datetime NOT NULL,
  `update_time` datetime NOT NULL,
  `name` varchar(64) NOT NULL,
  PRIMARY KEY (`id`),
  UNIQUE KEY `name` (`name`)
) ENGINE=InnoDB AUTO_INCREMENT=14 DEFAULT CHARSET=utf8;
/*!40101 SET character_set_client = @saved_cs_client */;

--
-- Dumping data for table `t_category`
--

LOCK TABLES `t_category` WRITE;
/*!40000 ALTER TABLE `t_category` DISABLE KEYS */;
INSERT INTO `t_category` VALUES (1,'2017-11-10 17:48:45','2017-11-10 17:48:45','咨询'),(2,'2017-11-13 18:32:34','2017-11-13 18:32:34','技术'),(3,'2017-11-13 18:32:47','2017-11-13 18:32:47','退款'),(4,'2017-11-13 18:32:53','2017-11-13 18:32:53','吊销'),(5,'2017-11-14 17:13:16','2017-11-14 17:13:16','建议'),(6,'2017-11-17 15:27:56','2017-11-17 15:27:56','加急'),(7,'2017-11-28 14:49:24','2017-11-28 14:49:24','非证书类'),(8,'2017-11-30 17:38:52','2017-11-30 17:38:52','续费'),(9,'2017-12-01 11:16:35','2017-12-01 11:16:35','资料修改'),(10,'2017-12-01 11:17:45','2017-12-01 11:17:45','检查配置'),(11,'2017-12-01 15:50:14','2017-12-01 15:50:14','购买'),(12,'2017-12-06 18:53:09','2017-12-06 18:53:09','审核'),(13,'2017-12-19 09:47:08','2017-12-19 09:47:08','撤回');
/*!40000 ALTER TABLE `t_category` ENABLE KEYS */;
UNLOCK TABLES;

--
-- Table structure for table `t_keyword`
--

DROP TABLE IF EXISTS `t_keyword`;
/*!40101 SET @saved_cs_client     = @@character_set_client */;
 SET character_set_client = utf8mb4 ;
CREATE TABLE `t_keyword` (
  `id` bigint(20) NOT NULL AUTO_INCREMENT,
  `create_time` datetime NOT NULL,
  `update_time` datetime NOT NULL,
  `name` varchar(64) NOT NULL,
  `type` varchar(45) NOT NULL,
  PRIMARY KEY (`id`),
  UNIQUE KEY `name` (`name`),
  KEY `type` (`type`)
) ENGINE=InnoDB AUTO_INCREMENT=278 DEFAULT CHARSET=utf8;
/*!40101 SET character_set_client = @saved_cs_client */;

--
-- Dumping data for table `t_keyword`
--

LOCK TABLES `t_keyword` WRITE;
/*!40000 ALTER TABLE `t_keyword` DISABLE KEYS */;
INSERT INTO `t_keyword` VALUES (1,'2017-11-10 17:47:05','2017-11-10 17:47:05','证书吊销失败',''),(2,'2017-11-13 15:51:54','2017-11-13 15:51:54','长时间审核中',''),(3,'2017-11-13 18:36:39','2017-11-13 18:36:39','dns解析失败',''),(4,'2017-11-13 18:49:59','2017-11-13 18:49:59','证书无法安装',''),(5,'2017-11-13 18:51:18','2017-11-13 18:51:18','重复购买',''),(6,'2017-11-13 18:59:06','2017-11-13 18:59:06','服务器崩溃',''),(7,'2017-11-13 19:12:18','2017-11-13 19:12:18','电话联系',''),(8,'2017-11-13 19:15:36','2017-11-13 19:15:36','未通过CA安全审核',''),(9,'2017-11-13 19:16:31','2017-11-13 19:16:31','敏感词',''),(10,'2017-11-13 19:17:53','2017-11-13 19:17:53','页面无法显示',''),(11,'2017-11-13 19:19:32','2017-11-13 19:19:32','域名备案',''),(12,'2017-11-14 09:41:20','2017-11-14 09:41:20','审核邮件',''),(13,'2017-11-14 09:44:15','2017-11-14 09:44:15','csr文件',''),(14,'2017-11-14 09:44:34','2017-11-14 09:44:34','证书内容',''),(15,'2017-11-14 10:02:59','2017-11-14 10:02:59','加急',''),(16,'2017-11-14 10:10:45','2017-11-14 10:10:45','无法打开',''),(17,'2017-11-14 11:17:42','2017-11-14 11:17:42','403拒绝访问',''),(18,'2017-11-14 11:18:02','2017-11-14 11:18:02','证书链完整',''),(19,'2017-11-14 13:17:23','2017-11-14 13:17:23','退款原路返回',''),(20,'2017-11-14 13:17:53','2017-11-14 13:17:53','开具发票',''),(21,'2017-11-14 13:20:11','2017-11-14 13:20:11','个人网站',''),(22,'2017-11-14 13:20:37','2017-11-14 13:20:37','购买错误',''),(23,'2017-11-14 15:46:14','2017-11-14 15:46:14','证书未颁发',''),(24,'2017-11-14 15:46:33','2017-11-14 15:46:33','重新购买',''),(25,'2017-11-14 16:57:30','2017-11-14 16:57:30','企业营业执照',''),(26,'2017-11-14 16:57:38','2017-11-14 16:57:38','无法显示',''),(27,'2017-11-14 17:08:31','2017-11-14 17:08:31','更换证书品牌',''),(28,'2017-11-14 17:13:30','2017-11-14 17:13:30','无法删除证书',''),(29,'2017-11-14 17:22:28','2017-11-14 17:22:28','证书已吊销',''),(30,'2017-11-14 17:32:27','2017-11-14 17:32:27','Android版本太低',''),(31,'2017-11-14 17:46:50','2017-11-14 17:46:50','免费证书','cert_type'),(32,'2017-11-15 09:44:40','2017-11-15 09:44:40','不兼容',''),(33,'2017-11-15 09:44:52','2017-11-15 09:44:52','Android手机',''),(34,'2017-11-15 09:45:01','2017-11-15 09:45:01','苹果手机',''),(35,'2017-11-15 09:45:23','2017-11-15 09:45:23','GeoTrust证书','cert_type'),(36,'2017-11-15 09:52:28','2017-11-15 09:52:28','内部业务原因',''),(37,'2017-11-15 09:55:21','2017-11-15 09:55:21','绑定IP',''),(38,'2017-11-15 09:56:10','2017-11-15 09:56:10','不安全的访问',''),(39,'2017-11-15 10:07:48','2017-11-15 10:07:48','微信小程序',''),(40,'2017-11-15 10:13:20','2017-11-15 10:13:20','续费错误',''),(41,'2017-11-15 10:17:49','2017-11-15 10:17:49','pem文件',''),(42,'2017-11-15 10:17:56','2017-11-15 10:17:56','crt文件',''),(43,'2017-11-15 10:18:15','2017-11-15 10:18:15','文件转换',''),(44,'2017-11-15 10:20:00','2017-11-15 10:20:00','443端口',''),(45,'2017-11-15 10:22:10','2017-11-15 10:22:10','审核失败',''),(46,'2017-11-15 10:22:38','2017-11-15 10:22:38','原证书即将到期',''),(47,'2017-11-15 10:29:13','2017-11-15 10:29:13','配置问题',''),(48,'2017-11-15 10:32:38','2017-11-15 10:32:38','双十一优惠',''),(49,'2017-11-15 10:51:06','2017-11-15 10:51:06','续费订单',''),(50,'2017-11-15 10:51:11','2017-11-15 10:51:11','代金券',''),(51,'2017-11-15 15:43:51','2017-11-15 15:43:51','证书已颁发',''),(52,'2017-11-15 15:46:23','2017-11-15 15:46:23','ApproverEmail',''),(53,'2017-11-15 15:57:33','2017-11-15 15:57:33','单域名证书','cert_type'),(54,'2017-11-15 15:57:39','2017-11-15 15:57:39','通配符证书','cert_type'),(55,'2017-11-15 15:57:49','2017-11-15 15:57:49','明确子域名',''),(56,'2017-11-15 18:00:34','2017-11-15 18:00:34','NOT match the Common Name',''),(57,'2017-11-15 18:04:39','2017-11-15 18:04:39','密钥强度',''),(58,'2017-11-15 18:04:50','2017-11-15 18:04:50','格式不正确',''),(59,'2017-11-15 18:11:05','2017-11-15 18:11:05','文件缺少',''),(60,'2017-11-15 18:11:13','2017-11-15 18:11:13','下载证书',''),(61,'2017-11-15 18:18:51','2017-11-15 18:18:51','更换域名',''),(62,'2017-11-15 18:24:45','2017-11-15 18:24:45','添加域名',''),(63,'2017-11-15 18:25:15','2017-11-15 18:25:15','无法撤销',''),(64,'2017-11-15 18:32:58','2017-11-15 18:32:58','公钥私钥',''),(65,'2017-11-15 18:35:16','2017-11-15 18:35:16','不再使用',''),(67,'2017-11-15 18:44:47','2017-11-15 18:44:47','订单超时',''),(68,'2017-11-16 10:00:56','2017-11-16 10:00:56','证书未吊销',''),(70,'2017-11-16 10:05:51','2017-11-16 10:05:51','状态错误',''),(71,'2017-11-16 10:06:15','2017-11-16 10:06:15','强制吊销',''),(72,'2017-11-16 10:12:12','2017-11-16 10:12:12','取消申请',''),(73,'2017-11-16 10:31:27','2017-11-16 10:31:27','电话停机',''),(74,'2017-11-16 10:38:31','2017-11-16 10:38:31','原证书过期',''),(75,'2017-11-16 10:38:55','2017-11-16 10:38:55','已支付',''),(76,'2017-11-16 11:08:51','2017-11-16 11:08:51','情绪激动',''),(77,'2017-11-16 11:18:51','2017-11-16 11:18:51','证书更换',''),(78,'2017-11-16 11:28:15','2017-11-16 11:28:15','政府项目',''),(79,'2017-11-16 11:29:01','2017-11-16 11:29:01','购买咨询',''),(80,'2017-11-16 11:31:04','2017-11-16 11:31:04','同步延时',''),(81,'2017-11-16 15:24:00','2017-11-16 15:24:00','提前续费',''),(82,'2017-11-17 15:28:32','2017-11-17 15:28:32','服务近期上线',''),(83,'2017-11-17 18:28:17','2017-11-17 18:28:17','三方接口',''),(84,'2017-11-17 18:29:01','2017-11-17 18:29:01','证书配置正确',''),(85,'2017-11-20 18:46:02','2017-11-20 18:46:02','其他服务商处购买',''),(86,'2017-11-23 10:13:25','2017-11-23 10:13:25','双向认证',''),(87,'2017-11-23 10:13:36','2017-11-23 10:13:36','客户端证书',''),(88,'2017-11-23 10:13:41','2017-11-23 10:13:41','服务端证书',''),(89,'2017-11-23 11:21:41','2017-11-23 11:21:41','现金退款',''),(90,'2017-11-27 09:39:18','2017-11-27 09:39:18','增强型',''),(91,'2017-11-27 09:39:41','2017-11-27 09:39:41','ECC算法',''),(92,'2017-11-27 09:40:05','2017-11-27 09:40:05','OV级证书','cert_type'),(93,'2017-11-27 18:27:18','2017-11-27 18:27:18','修改信息',''),(94,'2017-11-27 18:28:12','2017-11-27 18:28:12','Symantec品牌',''),(95,'2017-11-27 18:39:21','2017-11-27 18:39:21','Nginx服务器',''),(96,'2017-11-27 18:57:05','2017-11-27 18:57:05','无法购买',''),(97,'2017-11-27 18:57:16','2017-11-27 18:57:16','免费更新',''),(98,'2017-11-27 18:57:41','2017-11-27 18:57:41','系统升级',''),(99,'2017-11-27 18:57:47','2017-11-27 18:57:47','暂时下架',''),(100,'2017-11-28 09:39:10','2017-11-28 09:39:10','DV级证书','cert_type'),(101,'2017-11-28 09:45:51','2017-11-28 09:45:51','域名不合法',''),(102,'2017-11-28 10:53:04','2017-11-28 10:53:04','已关闭',''),(103,'2017-11-28 10:54:40','2017-11-28 10:54:40','重新提交',''),(104,'2017-11-28 14:30:30','2017-11-28 14:30:30','域名未通过CA安全审核',''),(105,'2017-11-28 14:50:24','2017-11-28 14:50:24','服务器配置',''),(106,'2017-11-28 14:50:30','2017-11-28 14:50:30','DNS',''),(107,'2017-11-28 14:54:20','2017-11-28 14:54:20','域名检查正确',''),(108,'2017-11-28 15:29:13','2017-11-28 15:29:13','证书域名不匹配',''),(109,'2017-11-28 15:30:43','2017-11-28 15:30:43','身份证',''),(110,'2017-11-28 15:30:48','2017-11-28 15:30:48','格式不匹配',''),(111,'2017-11-28 15:31:09','2017-11-28 15:31:09','澳门客户','customer_level'),(112,'2017-11-28 18:39:58','2017-11-28 18:39:58','TCP低层协议',''),(113,'2017-11-29 14:53:35','2017-11-29 14:53:35','钻石客户','customer_level'),(114,'2017-11-29 15:07:43','2017-11-29 15:07:43','Chrome浏览器',''),(115,'2017-11-29 15:07:49','2017-11-29 15:07:49','不被信任',''),(116,'2017-11-29 15:12:26','2017-11-29 15:12:26','APP预埋证书',''),(117,'2017-11-29 15:18:02','2017-11-29 15:18:02','近期购买',''),(118,'2017-11-29 15:59:43','2017-11-29 15:59:43','证书格式转换',''),(119,'2017-11-30 09:35:09','2017-11-30 09:35:09','原资料有变动',''),(120,'2017-11-30 09:35:21','2017-11-30 09:35:21','联系人离职',''),(121,'2017-11-30 09:36:10','2017-11-30 09:36:10','黄金客户','customer_level'),(122,'2017-11-30 09:36:16','2017-11-30 09:36:16','白银客户','customer_level'),(123,'2017-11-30 09:36:21','2017-11-30 09:36:21','一般客户','customer_level'),(124,'2017-11-30 09:39:16','2017-11-30 09:39:16','文件验证',''),(125,'2017-11-30 09:39:47','2017-11-30 09:39:47','DNS验证',''),(126,'2017-11-30 09:39:58','2017-11-30 09:39:58','验证通过',''),(127,'2017-11-30 09:42:44','2017-11-30 09:42:44','信息安全',''),(128,'2017-11-30 09:42:58','2017-11-30 09:42:58','法律程序',''),(129,'2017-11-30 11:22:27','2017-11-30 11:22:27','证书详细信息',''),(130,'2017-11-30 11:22:33','2017-11-30 11:22:33','密钥长度',''),(131,'2017-11-30 11:22:38','2017-11-30 11:22:38','支持算法',''),(132,'2017-11-30 11:38:22','2017-11-30 11:38:22','Digicert合并',''),(133,'2017-11-30 14:47:42','2017-11-30 14:47:42','页面空白',''),(134,'2017-11-30 16:51:35','2017-11-30 16:51:35','证书链不完整',''),(135,'2017-11-30 16:57:50','2017-11-30 16:57:50','吊销撤回',''),(136,'2017-11-30 17:03:55','2017-11-30 17:03:55','未进行域名验证',''),(137,'2017-11-30 17:15:43','2017-11-30 17:15:43','购买前咨询',''),(138,'2017-11-30 17:23:05','2017-11-30 17:23:05','证书升级',''),(139,'2017-11-30 17:39:08','2017-11-30 17:39:08','补送时间差',''),(140,'2017-11-30 18:19:10','2017-11-30 18:19:10','其他渠道购买',''),(141,'2017-12-01 11:16:05','2017-12-01 11:16:05','内地通行证',''),(142,'2017-12-01 11:18:32','2017-12-01 11:18:32','不正确',''),(143,'2017-12-01 16:25:28','2017-12-01 16:25:28','已售罄',''),(144,'2017-12-01 16:40:22','2017-12-01 16:40:22','CAA记录',''),(145,'2017-12-01 16:50:16','2017-12-01 16:50:16','调整根证书',''),(146,'2017-12-01 16:53:50','2017-12-01 16:53:50','EV证书','cert_type'),(147,'2017-12-01 17:53:17','2017-12-01 17:53:17','中间证书',''),(148,'2017-12-04 10:37:08','2017-12-04 10:37:08','20额度',''),(149,'2017-12-04 10:37:19','2017-12-04 10:37:19','占用完',''),(150,'2017-12-04 16:03:47','2017-12-04 16:03:47','邮箱错误',''),(151,'2017-12-04 17:12:08','2017-12-04 17:12:08','续费三年',''),(152,'2017-12-04 17:12:25','2017-12-04 17:12:25','推送SLB',''),(153,'2017-12-04 18:01:54','2017-12-04 18:01:54','域名跳转',''),(154,'2017-12-04 18:20:24','2017-12-04 18:20:24','申请未通过',''),(155,'2017-12-06 10:55:17','2017-12-06 10:55:17','资料审核通过',''),(156,'2017-12-06 15:21:00','2017-12-06 15:21:00','will be distrusted in an upcoming release of Chrome',''),(157,'2017-12-06 18:31:02','2017-12-06 18:31:02','业务急需',''),(158,'2017-12-06 18:49:06','2017-12-06 18:49:06','到期新购',''),(159,'2017-12-06 19:01:42','2017-12-06 19:01:42','证书有效期',''),(160,'2017-12-07 10:09:42','2017-12-07 10:09:42','已完成',''),(161,'2017-12-07 21:18:55','2017-12-07 21:18:55','证书品牌',''),(162,'2017-12-07 21:19:00','2017-12-07 21:19:00','推荐',''),(163,'2017-12-07 21:22:01','2017-12-07 21:22:01','下个版本不支持',''),(164,'2017-12-08 19:37:23','2017-12-08 19:37:23','欠费',''),(165,'2017-12-11 10:17:26','2017-12-11 10:17:26','误操作',''),(166,'2017-12-11 19:42:51','2017-12-11 19:42:51','推送到CDN',''),(167,'2017-12-12 14:25:33','2017-12-12 14:25:33','IOS 10.1及之前',''),(168,'2017-12-13 18:09:03','2017-12-13 18:09:03','证书失效',''),(169,'2017-12-14 14:19:35','2017-12-14 14:19:35','补全信息',''),(170,'2017-12-14 16:30:48','2017-12-14 16:30:48','证书重签',''),(171,'2017-12-14 17:22:36','2017-12-14 17:22:36','GlobalSign','cert_type'),(172,'2017-12-15 13:54:37','2017-12-15 13:54:37','邓氏编码',''),(173,'2017-12-15 13:55:13','2017-12-15 13:55:13','地址栏显示',''),(174,'2017-12-15 13:55:17','2017-12-15 13:55:17','公司名',''),(175,'2017-12-22 18:18:18','2017-12-22 18:18:18','token失效',''),(176,'2017-12-25 17:16:51','2017-12-25 17:16:51','不会使用',''),(177,'2017-12-25 17:23:55','2017-12-25 17:23:55','审核时间长',''),(178,'2017-12-25 17:32:40','2017-12-25 17:32:40','审核进度',''),(179,'2017-12-25 17:35:08','2017-12-25 17:35:08','公司变更',''),(180,'2018-04-26 10:57:21','2018-04-26 10:57:21','CFCA',''),(181,'2018-04-26 13:17:55','2018-04-26 13:17:55','Entry不匹配',''),(182,'2018-04-26 14:44:46','2018-04-26 14:44:46','超过30天',''),(183,'2018-04-27 10:16:58','2018-04-27 10:16:58','年份当作数量',''),(184,'2018-04-27 10:19:41','2018-04-27 10:19:41','多购买',''),(185,'2018-04-27 16:16:32','2018-04-27 16:16:32','Apache服务器',''),(186,'2018-04-27 18:12:37','2018-04-27 18:12:37','SAP服务器',''),(187,'2018-04-28 09:50:52','2018-04-28 09:50:52','数量看成年限',''),(188,'2018-04-28 10:01:03','2018-04-28 10:01:03','不需要',''),(189,'2018-04-28 11:14:06','2018-04-28 11:14:06','退款已下发',''),(190,'2018-04-28 11:46:37','2018-04-28 11:46:37','提供根证书',''),(191,'2018-04-28 13:31:47','2018-04-28 13:31:47','单IP配置多证书',''),(192,'2018-04-28 13:34:01','2018-04-28 13:34:01','开启SNI',''),(193,'2018-04-28 17:46:48','2018-04-28 17:46:48','Tengine服务器',''),(194,'2018-05-02 09:41:20','2018-05-02 09:41:20','暂不使用',''),(195,'2018-05-02 09:45:21','2018-05-02 09:45:21','公钥私钥不匹配',''),(196,'2018-05-02 16:26:43','2018-05-02 16:26:43','证书类型',''),(197,'2018-05-02 16:47:58','2018-05-02 16:47:58','发票已寄回',''),(198,'2018-05-02 17:14:22','2018-05-02 17:14:22','诺顿签章',''),(199,'2018-05-02 17:14:59','2018-05-02 17:14:59','不显示',''),(200,'2019-01-17 02:11:37','2019-01-17 02:11:37','邮件提醒',''),(201,'2019-01-17 02:23:15','2019-01-17 02:23:15','多域名证书','cert_type'),(202,'2019-01-17 02:23:41','2019-01-17 02:23:41','证书绑定域名',''),(203,'2019-01-17 02:26:08','2019-01-17 02:26:08','域名验证',''),(204,'2019-01-17 02:28:45','2019-01-17 02:28:45','未检测到DNS配置记录',''),(205,'2019-01-17 02:30:48','2019-01-17 02:30:48','手动上传CSR',''),(206,'2019-01-17 02:37:28','2019-01-17 02:37:28','控制台域名显示不全',''),(207,'2019-01-17 02:41:15','2019-01-17 02:41:15','证书吊销',''),(208,'2019-01-17 02:42:35','2019-01-17 02:42:35','CDN问题',''),(210,'2019-01-17 02:52:36','2019-01-17 02:52:36','证书未到期',''),(211,'2019-01-17 02:56:49','2019-01-17 02:56:49','删除证书',''),(212,'2019-01-17 03:09:48','2019-01-17 03:09:48','SGC',''),(213,'2019-01-17 03:15:18','2019-01-17 03:15:18','无法访问此网站',''),(214,'2019-01-17 03:48:09','2019-01-17 03:48:09','域名绑定错误',''),(215,'2019-01-17 04:34:18','2019-01-17 04:34:18','Tomcat服务器',''),(216,'2019-01-17 06:35:19','2019-01-17 06:35:19','审核资料不全',''),(217,'2019-01-17 08:38:31','2019-01-17 08:38:31','新版控制台',''),(218,'2019-01-17 08:38:37','2019-01-17 08:38:37','查看证书信息',''),(219,'2019-01-17 08:40:32','2019-01-17 08:40:32','缺少必要的审核资料',''),(220,'2019-01-17 08:43:03','2019-01-17 08:43:03','多域名DV证书','cert_type'),(221,'2019-01-17 09:15:58','2019-01-17 09:15:58','防火墙限制验证',''),(222,'2019-01-17 09:21:36','2019-01-17 09:21:36','证书安装服务',''),(223,'2019-01-17 09:24:40','2019-01-17 09:24:40','更换证书类型',''),(224,'2019-01-18 01:49:41','2019-01-18 01:49:41','dns.MissingDomainName',''),(226,'2019-01-18 02:48:56','2019-01-18 02:48:56','域名填写',''),(227,'2019-01-18 04:17:03','2019-01-18 04:17:03','域名在本账户下不存在',''),(228,'2019-01-18 04:20:14','2019-01-18 04:20:14','请求发生错误',''),(229,'2019-01-18 05:31:36','2019-01-18 05:31:36','Token error',''),(230,'2019-01-18 06:37:27','2019-01-18 06:37:27','开通失败',''),(231,'2019-01-18 06:39:59','2019-01-18 06:39:59','未回复审核邮件',''),(232,'2019-01-21 02:32:09','2019-01-21 02:32:09','TXT记录',''),(233,'2019-01-21 02:38:09','2019-01-21 02:38:09','未收到审核邮件',''),(234,'2019-01-21 02:38:24','2019-01-21 02:38:24','联系CA重新发送',''),(235,'2019-01-21 02:40:37','2019-01-21 02:40:37','重新推送到证书控制台',''),(236,'2019-01-21 02:53:25','2019-01-21 02:53:25','URL重写',''),(237,'2019-01-21 03:00:46','2019-01-21 03:00:46','国外站点',''),(238,'2019-01-21 03:09:14','2019-01-21 03:09:14','混合域名证书','cert_type'),(239,'2019-01-21 03:19:42','2019-01-21 03:19:42','存在http静态资源',''),(240,'2019-01-21 03:25:32','2019-01-21 03:25:32','DNS解析服务器',''),(241,'2019-01-21 03:28:06','2019-01-21 03:28:06','高防',''),(242,'2019-01-21 03:38:20','2019-01-21 03:38:20','下载模板',''),(243,'2019-01-21 03:51:37','2019-01-21 03:51:37','主机记录错误',''),(244,'2019-01-21 04:22:21','2019-01-21 04:22:21','分辨率识别问题',''),(245,'2019-01-21 06:58:41','2019-01-21 06:58:41','证书合并',''),(246,'2019-01-21 07:28:23','2019-01-21 07:28:23','新旧证书替换',''),(247,'2019-01-21 08:46:28','2019-01-21 08:46:28','没有找到证书信息',''),(248,'2019-01-21 08:55:51','2019-01-21 08:55:51','该域名的NS不在阿里云DNS',''),(249,'2019-01-21 09:44:56','2019-01-21 09:44:56','公司工商列为异常',''),(250,'2019-01-21 09:56:11','2019-01-21 09:56:11','订单超过退款有效期',''),(251,'2019-01-22 02:19:37','2019-01-22 02:19:37','上传证书',''),(252,'2019-01-22 02:24:40','2019-01-22 02:24:40','过期邮件提醒',''),(253,'2019-01-22 02:27:42','2019-01-22 02:27:42','无法解析出IP地址',''),(254,'2019-01-22 02:31:03','2019-01-22 02:31:03','绑定一级域名',''),(255,'2019-01-22 02:31:11','2019-01-22 02:31:11','二级域名上使用',''),(257,'2019-01-22 03:04:51','2019-01-22 03:04:51','免费开启SSL证书',''),(258,'2019-01-22 03:07:12','2019-01-22 03:07:12','退款进度',''),(259,'2019-01-22 04:51:13','2019-01-22 04:51:13','无法追加证书域名',''),(260,'2019-01-22 04:55:46','2019-01-22 04:55:46','验证过于麻烦',''),(261,'2019-01-22 06:57:34','2019-01-22 06:57:34','证书期限不正确',''),(262,'2019-01-22 07:00:59','2019-01-22 07:00:59','域名拼写错误',''),(263,'2019-01-22 07:50:10','2019-01-22 07:50:10','域名未实名认证',''),(264,'2019-01-22 07:51:12','2019-01-22 07:51:12','网站域名与证书域名不匹配',''),(265,'2019-01-22 09:19:15','2019-01-22 09:19:15','重新绑定域名',''),(266,'2019-01-22 09:29:18','2019-01-22 09:29:18','填写域名格式问题',''),(267,'2019-01-23 02:08:36','2019-01-23 02:08:36','URL检测过程中发生一个错误',''),(268,'2019-01-23 02:13:40','2019-01-23 02:13:40','云市场购买',''),(269,'2019-01-23 02:23:01','2019-01-23 02:23:01','虚拟主机',''),(270,'2019-01-23 04:27:01','2019-01-23 04:27:01','工单分配错误',''),(271,'2019-01-23 04:42:16','2019-01-23 04:42:16','IIS类型服务器',''),(272,'2019-01-23 05:30:27','2019-01-23 05:30:27','代理商资质证明',''),(273,'2019-01-23 07:47:21','2019-01-23 07:47:21','部署到其他云产品',''),(274,'2019-01-23 08:35:27','2019-01-23 08:35:27','追加证书域名',''),(275,'2019-01-24 04:23:20','2019-01-24 04:23:20','订单ID错误',''),(276,'2019-01-24 05:55:01','2019-01-24 05:55:01','CA API error',''),(277,'2019-01-25 02:13:44','2019-01-25 02:13:44','使用IP代替域名访问','');
/*!40000 ALTER TABLE `t_keyword` ENABLE KEYS */;
UNLOCK TABLES;

--
-- Table structure for table `t_refund`
--

DROP TABLE IF EXISTS `t_refund`;
/*!40101 SET @saved_cs_client     = @@character_set_client */;
 SET character_set_client = utf8mb4 ;
CREATE TABLE `t_refund` (
  `id` bigint(20) NOT NULL AUTO_INCREMENT,
  `create_time` datetime NOT NULL,
  `update_time` datetime NOT NULL,
  `cert_instance` varchar(36) NOT NULL,
  `user_id` varchar(36) NOT NULL,
  `description` varchar(1024) DEFAULT NULL,
  `is_urgent` tinyint(1) NOT NULL DEFAULT '0',
  `is_renew` tinyint(1) NOT NULL DEFAULT '0',
  `is_issued` tinyint(1) NOT NULL DEFAULT '0',
  `is_completed` tinyint(1) NOT NULL DEFAULT '0',
  PRIMARY KEY (`id`),
  UNIQUE KEY `cert_instance` (`cert_instance`)
) ENGINE=InnoDB AUTO_INCREMENT=7 DEFAULT CHARSET=utf8;
/*!40101 SET character_set_client = @saved_cs_client */;

--
-- Dumping data for table `t_refund`
--

LOCK TABLES `t_refund` WRITE;
/*!40000 ALTER TABLE `t_refund` DISABLE KEYS */;
INSERT INTO `t_refund` VALUES (1,'2018-05-02 17:34:44','2018-05-02 17:34:44','cas-hi4gf4xnmkl7','1450064168780643','由于误操作多购买证书（已购买成功），客户无法发起吊销，已经下发代金券，需要1~2周',0,1,0,0),(2,'2018-05-02 17:35:16','2018-05-02 17:35:16','cas-cn-v0h0k6sxr1rz','1344405803911350','我们前几天购买了阿里云的一个ca证书，需要更换为阿里的DNS。我们的项目已经商用了，如果更换DNS导致域名打不开，损失会非常大。',0,0,1,0),(3,'2018-05-02 17:35:40','2018-05-02 17:35:40','cas-cn-v0h0kpo4e49j','1344311246321183','购买错了，跟我们业务的实际情况不相符',1,0,0,0),(4,'2018-05-02 17:36:10','2018-05-02 17:36:10','cas-cn-4590kqzqu4gs','1196923355874597','我购买的ssl证书，可以退款吗',1,0,0,0),(5,'2018-05-02 17:36:27','2018-05-02 17:36:27','cas-cn-4590kt77d4oz','1906585327806497','误购收费证书，请协助取消交易',1,0,0,0),(6,'2018-05-02 17:36:57','2018-05-02 17:36:57','cas-cn-4590knz3h477','1527084146177480','购买其他品牌证书',0,0,0,0);
/*!40000 ALTER TABLE `t_refund` ENABLE KEYS */;
UNLOCK TABLES;

--
-- Table structure for table `t_workorder`
--

DROP TABLE IF EXISTS `t_workorder`;
/*!40101 SET @saved_cs_client     = @@character_set_client */;
 SET character_set_client = utf8mb4 ;
CREATE TABLE `t_workorder` (
  `id` bigint(20) NOT NULL AUTO_INCREMENT,
  `create_time` datetime NOT NULL,
  `update_time` datetime NOT NULL,
  `number` varchar(128) NOT NULL,
  `category_id` bigint(20) NOT NULL,
  PRIMARY KEY (`id`),
  UNIQUE KEY `number` (`number`)
) ENGINE=InnoDB AUTO_INCREMENT=801 DEFAULT CHARSET=utf8;
/*!40101 SET character_set_client = @saved_cs_client */;

--
-- Dumping data for table `t_workorder`
--

LOCK TABLES `t_workorder` WRITE;
/*!40000 ALTER TABLE `t_workorder` DISABLE KEYS */;
INSERT INTO `t_workorder` VALUES (4,'2017-11-13 18:36:12','2017-11-13 18:36:12','8M8E4KY',1),(5,'2017-11-13 18:50:14','2017-11-17 18:08:37','478RRNN',1),(6,'2017-11-13 18:51:30','2017-11-28 10:54:53','698K6WY',3),(7,'2017-11-13 18:57:19','2017-11-15 18:22:49','B982JRC',4),(8,'2017-11-13 19:12:35','2017-11-13 19:12:35','	ET7ZRLP',2),(10,'2017-11-13 19:15:50','2017-11-13 19:15:50','1F8RHEN',1),(11,'2017-11-13 19:18:17','2017-11-13 19:18:17','9L81G6D',1),(12,'2017-11-13 19:19:52','2017-11-13 19:19:52','ET7ZHPP',1),(13,'2017-11-14 09:41:29','2017-11-14 09:41:29','858DLEE',1),(14,'2017-11-14 09:44:43','2017-11-23 10:13:48','G28A2MG',1),(15,'2017-11-14 09:55:39','2017-11-14 09:55:39','8M8BJ7Y',2),(16,'2017-11-14 10:03:09','2017-11-14 10:03:09','9481JYX',1),(17,'2017-11-14 10:11:38','2017-11-16 10:13:03','G28AKMG',2),(18,'2017-11-14 11:18:10','2017-11-17 18:29:19','F48DGU8',2),(19,'2017-11-14 13:18:01','2017-11-14 13:18:01','858DYCE',3),(20,'2017-11-14 13:20:48','2017-11-17 17:40:52','738LFLZ',3),(21,'2017-11-14 15:46:40','2017-11-14 15:46:40','218F6FD',3),(23,'2017-11-14 17:03:41','2017-11-14 17:03:41','738LWBZ',3),(24,'2017-11-14 17:10:42','2017-11-16 17:23:11','ET7ZG6P',3),(25,'2017-11-14 17:14:00','2017-11-14 17:14:00','9L819UD',5),(26,'2017-11-14 17:20:15','2017-11-17 17:42:47','1F8R9HN',3),(27,'2017-11-14 17:22:40','2017-11-15 18:50:55','7K8LBDF',3),(28,'2017-11-14 17:32:43','2017-11-20 18:49:55','D082CWS',1),(29,'2017-11-14 17:47:06','2017-11-17 14:54:58','D082NJS',1),(30,'2017-11-15 09:45:31','2017-11-15 09:45:31','9L81N8D',1),(31,'2017-11-15 09:52:43','2017-11-15 09:52:43','DG851H9',3),(32,'2017-11-15 09:56:16','2017-11-15 09:56:16','B982TGC',1),(34,'2017-11-15 10:13:26','2017-11-22 14:18:32','9L81JHD',1),(36,'2017-11-15 10:20:15','2017-11-15 10:20:15','CT8A2JT',2),(37,'2017-11-15 10:22:45','2017-11-15 18:45:01','4P8RSD6',1),(38,'2017-11-15 10:29:30','2017-11-15 18:47:55','F48E3B8',2),(40,'2017-11-15 10:51:36','2017-11-17 14:39:08','FL8E93R',3),(49,'2017-11-15 15:44:00','2017-12-15 15:07:09','1Z8RB26',3),(50,'2017-11-15 15:46:59','2017-11-16 10:18:28','218FJWD',1),(51,'2017-11-15 15:58:38','2017-11-15 15:58:38','ET7ZTMP',1),(52,'2017-11-15 18:01:03','2017-11-15 18:01:03','NOT match the Common Name',2),(53,'2017-11-15 18:05:23','2017-11-29 10:48:20','FL8E5GR',2),(54,'2017-11-15 18:11:42','2017-11-15 18:11:42','AW86EXJ',1),(55,'2017-11-15 18:14:11','2017-11-15 18:14:11','9481NWX',1),(56,'2017-11-15 18:19:46','2017-11-15 18:19:46','1F8RPDN',1),(58,'2017-11-15 18:25:36','2017-11-15 18:25:36','9481RUX',1),(59,'2017-11-15 18:30:30','2017-11-15 18:30:30','BS83HYW',1),(60,'2017-11-15 18:33:12','2017-11-15 18:33:12','3Y8MTDP',1),(61,'2017-11-15 18:35:28','2017-11-15 18:36:08','4P8RUD6',4),(63,'2017-11-15 18:37:52','2017-11-15 18:37:52','5P7ZS8W',1),(65,'2017-11-16 10:01:53','2017-11-16 10:01:53','9L81R6D',3),(68,'2017-11-16 10:16:23','2017-11-16 10:16:23','BS83CPW',1),(70,'2017-11-16 10:32:03','2017-11-16 10:32:03','CT8A9GT',1),(71,'2017-11-16 10:39:20','2017-11-16 11:31:16','ET801HP',1),(72,'2017-11-16 11:09:22','2017-11-23 11:22:13','1Z8R9X6',3),(74,'2017-11-16 11:21:10','2017-11-16 11:21:10','EA800G7',1),(75,'2017-11-16 11:29:17','2017-11-16 11:29:17','CT8ABZT',1),(80,'2017-11-16 17:25:42','2017-11-20 18:34:16','ET800BP',1),(85,'2017-11-17 15:28:42','2017-11-17 15:28:42','1Z8RWZ6',6),(87,'2017-11-20 18:46:16','2017-11-20 18:46:16','858EC0E',3),(89,'2017-11-22 13:28:42','2017-11-22 13:28:42','698JPWY',4),(93,'2017-11-27 14:14:58','2017-11-27 14:14:58','9L826UD',3),(94,'2017-11-27 18:28:26','2017-11-27 18:28:26','CA8BJZA',1),(95,'2017-11-27 18:39:38','2017-11-27 18:39:38','3Y8NRAP',2),(96,'2017-11-27 18:41:20','2017-11-27 18:41:20','3Y8NTHP',2),(98,'2017-11-27 18:48:01','2017-11-27 18:48:01','AW87SRJ',6),(99,'2017-11-27 18:58:04','2017-11-28 09:39:21','3E8P617',1),(101,'2017-11-28 09:46:03','2017-11-28 15:18:59','B984RSC',2),(103,'2017-11-28 14:22:32','2017-11-28 14:22:32','478TAKN',6),(104,'2017-11-28 14:31:19','2017-11-29 16:09:24','DG86HT9',1),(106,'2017-11-28 14:50:38','2017-11-28 14:50:38','6S8LLYE',7),(107,'2017-11-28 14:54:41','2017-11-28 14:54:41','B984GGC',1),(108,'2017-11-28 14:59:15','2017-11-28 14:59:15','218GMWD',2),(110,'2017-11-28 15:29:39','2017-11-28 15:29:39','1Z8SYY6',2),(111,'2017-11-28 15:31:26','2017-12-01 11:17:11','DG86709',1),(113,'2017-11-28 18:26:06','2017-11-29 15:52:36','DG86K99',2),(115,'2017-11-28 18:31:19','2017-11-28 18:31:19','7K8LT3F',3),(116,'2017-11-28 18:35:22','2017-11-30 15:02:48','F48FMC8',2),(117,'2017-11-28 18:40:12','2017-11-28 18:40:12','CA8BJBA',2),(118,'2017-11-28 18:42:11','2017-11-28 18:42:30','G28C3XG',1),(119,'2017-11-29 09:43:17','2017-11-29 09:43:17','D086PPS',1),(121,'2017-11-29 14:53:20','2017-11-30 09:58:24','CT8BSNT',1),(122,'2017-11-29 14:57:51','2017-11-29 14:57:51','AC88282',6),(123,'2017-11-29 15:08:14','2017-11-29 16:05:05','AC881B2',1),(124,'2017-11-29 15:12:36','2017-11-29 15:12:36','2H8H0AX',2),(125,'2017-11-29 15:21:22','2017-11-30 10:53:55','7K8NBDF',6),(126,'2017-11-29 15:37:09','2017-11-30 17:16:27','1F8T9MN',1),(127,'2017-11-29 15:45:08','2017-11-29 15:45:08','BS84SRW',2),(128,'2017-11-29 15:51:17','2017-11-29 15:51:17','G28BSDG',6),(130,'2017-11-29 16:00:03','2017-11-29 16:00:03','858FMTE',2),(133,'2017-11-29 16:13:25','2017-11-29 16:13:25','9482XCX',1),(134,'2017-11-30 09:35:55','2017-11-30 10:50:46','CA8BXFA',1),(135,'2017-11-30 09:40:28','2017-11-30 09:40:28','B984ZYC',6),(136,'2017-11-30 09:43:04','2017-11-30 09:43:04','AC882T2',7),(140,'2017-11-30 11:12:03','2017-11-30 16:53:41','AW883ZJ',1),(141,'2017-11-30 11:19:55','2017-12-06 18:41:13','698L4FY',1),(142,'2017-11-30 11:33:25','2017-11-30 11:33:25','218H43D',2),(143,'2017-11-30 11:41:41','2017-11-30 11:41:41','478T8WN',1),(146,'2017-11-30 16:51:51','2017-12-01 10:25:13','D086XPS',2),(148,'2017-11-30 16:58:05','2017-11-30 16:58:05','4P8TH46',4),(149,'2017-11-30 17:04:16','2017-11-30 17:04:16','1F8TBNN',2),(150,'2017-11-30 17:13:24','2017-11-30 17:13:24','4P8TF16',1),(152,'2017-11-30 17:23:12','2017-11-30 17:23:12','9483ESX',1),(153,'2017-11-30 17:39:30','2017-11-30 17:39:41','1Z8TFA6',8),(155,'2017-11-30 18:13:40','2017-11-30 18:19:32','2H8H2MX',3),(156,'2017-11-30 18:17:53','2017-11-30 18:17:53','D086K2S',7),(157,'2017-12-01 10:22:51','2017-12-01 11:19:08','6S8M4BE',2),(159,'2017-12-01 10:29:59','2017-12-01 10:29:59','FL8FZJR',4),(160,'2017-12-01 10:33:25','2017-12-01 16:18:10','CA8BF4A',3),(163,'2017-12-01 12:44:58','2017-12-07 09:57:22','CT8C2JT',3),(164,'2017-12-01 12:46:40','2017-12-01 16:08:59','1F8TJ9N',8),(165,'2017-12-01 15:49:51','2017-12-01 15:51:02','B9856CC',1),(170,'2017-12-01 16:10:08','2017-12-01 16:47:32','ET81P1P',11),(171,'2017-12-01 16:14:59','2017-12-01 16:14:59','2H8H9FX',11),(173,'2017-12-01 16:25:42','2017-12-06 18:49:14','CT8C3XT',1),(174,'2017-12-01 16:33:13','2017-12-01 16:33:13','7K8NP2F',6),(175,'2017-12-01 16:40:45','2017-12-01 16:40:45','AC88BK2',2),(176,'2017-12-01 16:44:57','2017-12-01 16:44:57','7K8NN8F',3),(178,'2017-12-01 16:49:59','2017-12-01 16:50:21','6S8M5BE',2),(180,'2017-12-01 16:54:08','2017-12-01 16:54:08','AC88A22',6),(181,'2017-12-01 16:56:46','2017-12-01 16:56:46','3Y8PLNP',11),(182,'2017-12-01 17:53:31','2017-12-01 17:53:31','F48G388',2),(183,'2017-12-04 10:24:37','2017-12-04 11:51:56','6S8MBHE',2),(184,'2017-12-04 10:32:53','2017-12-04 10:32:53','8M8G55Y',11),(185,'2017-12-04 10:43:21','2017-12-04 10:43:44','DG874X9',1),(187,'2017-12-04 11:00:18','2017-12-04 11:00:18','1F8TP3N',1),(189,'2017-12-04 14:32:11','2017-12-04 14:32:11','3Y8PR9P',3),(190,'2017-12-04 16:03:59','2017-12-04 16:03:59','GJ8CRC0',1),(191,'2017-12-04 17:12:49','2017-12-20 18:42:31','218HHYD',1),(192,'2017-12-04 18:02:13','2017-12-04 18:02:13','3Y8P42P',2),(193,'2017-12-04 18:09:33','2017-12-07 10:09:47','3E8PUY7',3),(195,'2017-12-04 18:12:22','2017-12-04 18:12:22','8M8G8HY',1),(197,'2017-12-04 18:21:44','2017-12-04 18:21:44','2H8HCLX',1),(198,'2017-12-04 18:26:17','2017-12-07 20:50:30','BS859JW',6),(199,'2017-12-04 18:58:35','2017-12-04 19:50:15','F48FS28',1),(200,'2017-12-04 19:12:05','2017-12-04 19:12:05','3E8PW87',1),(201,'2017-12-04 19:15:16','2017-12-04 19:15:16','F48G4R8',6),(202,'2017-12-04 19:40:36','2017-12-04 19:40:36','D0878DS',1),(203,'2017-12-04 19:43:03','2017-12-07 10:10:39','G28CGMG',3),(205,'2017-12-04 19:56:44','2017-12-04 19:56:44','4P8TWR6',1),(206,'2017-12-05 09:56:32','2017-12-07 10:11:25','5781WAC',3),(208,'2017-12-05 20:57:20','2017-12-05 20:57:20','8M8G22Y',4),(209,'2017-12-06 10:55:24','2017-12-11 19:38:44','5P820LW',1),(210,'2017-12-06 15:00:38','2017-12-06 15:00:38','B9857RC',1),(211,'2017-12-06 15:08:20','2017-12-06 15:08:20','1Z8TX86',1),(212,'2017-12-06 15:15:18','2017-12-06 15:15:18','858GEAE',1),(213,'2017-12-06 15:21:10','2017-12-06 15:21:10','GJ8CW20',1),(214,'2017-12-06 18:26:54','2017-12-06 18:26:54','DG87CT9',3),(215,'2017-12-06 18:28:47','2017-12-06 18:28:47','4P8U5B6',6),(216,'2017-12-06 18:30:26','2017-12-06 18:31:12','9L8405D',6),(218,'2017-12-06 18:34:52','2017-12-06 18:34:52','4P8U236',6),(221,'2017-12-06 18:53:32','2017-12-15 17:51:15','1Z8U0L6',12),(222,'2017-12-06 18:58:01','2017-12-06 18:58:01','9L83ZRD',12),(223,'2017-12-06 19:02:22','2017-12-13 18:09:25','218HC2D',1),(224,'2017-12-07 09:49:07','2017-12-12 13:57:00','AW88HBJ',1),(229,'2017-12-07 18:02:34','2017-12-08 10:16:09','1Z8U7J6',3),(230,'2017-12-07 20:49:10','2017-12-07 20:49:10','GJ8D280',1),(232,'2017-12-07 20:53:08','2017-12-08 18:02:19','9L842HD',6),(233,'2017-12-07 20:55:07','2017-12-07 21:11:06','94844PX',3),(236,'2017-12-07 21:15:44','2017-12-08 19:37:47','F48GL48',1),(237,'2017-12-07 21:22:23','2017-12-07 21:22:23','AW88X9J',1),(238,'2017-12-08 09:55:34','2017-12-08 10:18:00','7K8NZPF',6),(241,'2017-12-08 10:32:19','2017-12-08 10:44:07','AC88CW2',6),(242,'2017-12-08 10:34:04','2017-12-08 19:30:31','8M8GPWY',4),(244,'2017-12-08 15:45:10','2017-12-08 19:46:07','AC892N2',6),(245,'2017-12-08 16:11:32','2017-12-08 16:11:32','9L843CD',6),(248,'2017-12-08 18:04:18','2017-12-08 18:04:18','1F8TYNN',1),(251,'2017-12-08 19:41:28','2017-12-08 19:41:28','4P8UEW6',1),(252,'2017-12-11 09:53:06','2017-12-13 18:01:47','698MR0Y',2),(253,'2017-12-11 10:17:41','2017-12-11 10:17:41','5781YHC',3),(254,'2017-12-11 11:41:31','2017-12-11 11:41:31','ET82KXP',6),(255,'2017-12-11 19:28:01','2017-12-11 19:28:01','2H8J8ZX',3),(256,'2017-12-11 19:31:37','2017-12-11 19:31:37','8M8GDEY',3),(257,'2017-12-11 19:34:52','2017-12-11 19:34:52','1F8UHFN',3),(260,'2017-12-11 19:46:56','2017-12-11 19:46:56','CT8CZDT',1),(261,'2017-12-12 09:45:33','2017-12-12 09:45:33','ET825UP',6),(263,'2017-12-12 13:59:38','2017-12-12 13:59:38','6S8MXFE',6),(264,'2017-12-12 14:03:46','2017-12-14 18:27:56','GJ8CNK0',1),(265,'2017-12-12 14:25:48','2017-12-12 14:25:48','218J9UD',1),(267,'2017-12-12 17:41:34','2017-12-12 17:41:34','738PJ9Z',4),(268,'2017-12-12 17:44:04','2017-12-12 17:44:04','218J64D',1),(269,'2017-12-12 18:30:51','2017-12-12 18:30:51','DG87U49',3),(270,'2017-12-13 09:51:56','2017-12-13 09:51:56','BS86ALW',3),(271,'2017-12-13 09:56:05','2017-12-18 18:15:59','BS8683W',11),(273,'2017-12-13 11:22:53','2017-12-19 11:46:01','AW89DPJ',1),(274,'2017-12-13 11:44:58','2017-12-13 11:44:58','AW89CKJ',1),(279,'2017-12-13 18:15:46','2017-12-13 18:15:46','F48GS18',3),(280,'2017-12-13 18:26:37','2017-12-13 18:26:37','CA8CXYA',3),(281,'2017-12-13 18:37:15','2017-12-13 18:37:15','858GMBE',3),(282,'2017-12-14 09:42:07','2017-12-14 09:42:07','478UWGN',1),(283,'2017-12-14 14:08:12','2017-12-19 18:37:37','DG87Z49',3),(284,'2017-12-14 14:10:37','2017-12-14 15:41:37','DG886X9',6),(285,'2017-12-14 14:13:15','2017-12-25 13:07:58','ET82WAP',6),(286,'2017-12-14 14:14:13','2017-12-25 15:50:57','AW89GAJ',3),(288,'2017-12-14 14:19:58','2017-12-14 14:19:58','7K8PJFF',1),(290,'2017-12-14 16:29:18','2017-12-14 16:29:18','CT8CWBT',3),(291,'2017-12-14 16:30:56','2017-12-14 16:31:20','AW8941J',1),(294,'2017-12-14 17:22:50','2017-12-14 17:22:50','DG87R69',1),(295,'2017-12-14 17:50:13','2017-12-14 17:50:13','8M8H7YY',3),(296,'2017-12-14 17:55:54','2017-12-14 17:55:54','CT8D6ST',6),(298,'2017-12-14 18:30:00','2017-12-14 18:30:00','858GHJE',1),(299,'2017-12-14 18:32:29','2017-12-14 18:32:29','5782C8C',2),(300,'2017-12-14 18:37:11','2017-12-14 18:37:11','3Y8RCBP',6),(301,'2017-12-15 09:43:46','2017-12-15 09:43:46','AC88UX2',3),(302,'2017-12-15 09:49:03','2017-12-15 09:49:03','9484LFX',1),(303,'2017-12-15 09:57:05','2017-12-15 09:57:05','ET82GBP',6),(304,'2017-12-15 13:55:36','2017-12-18 18:22:45','EA83577',1),(305,'2017-12-15 14:01:28','2017-12-15 14:01:28','9L84ZCD',6),(306,'2017-12-15 14:12:39','2017-12-15 14:12:39','5782T8C',3),(307,'2017-12-15 14:14:21','2017-12-20 16:08:23','3E8S147',3),(308,'2017-12-15 14:15:47','2017-12-15 14:15:47','4P8W2W6',3),(311,'2017-12-15 18:02:47','2017-12-15 18:02:47','6S8NK3E',3),(312,'2017-12-18 11:02:52','2017-12-18 14:09:40','2H8JRYX',1),(314,'2017-12-18 17:35:55','2017-12-18 17:35:55','9484YSX',1),(315,'2017-12-18 17:39:32','2017-12-18 17:39:32','AW88TXJ',3),(316,'2017-12-18 17:45:19','2017-12-18 17:45:19','3Y8S4EP',6),(318,'2017-12-18 18:19:31','2017-12-18 18:19:31','B986U6C',3),(320,'2017-12-18 18:26:24','2017-12-18 18:26:24','D0887BS',6),(321,'2017-12-18 18:29:25','2017-12-18 18:29:25','948571X',3),(323,'2017-12-18 18:40:10','2017-12-18 18:40:10','4P8W0M6',6),(324,'2017-12-18 18:44:03','2017-12-18 18:44:03','G28DL9G',1),(325,'2017-12-18 18:46:59','2017-12-18 18:46:59','ET82WLP',2),(326,'2017-12-18 18:51:42','2017-12-19 18:34:54','7K8PFBF',3),(327,'2017-12-19 09:47:36','2017-12-19 09:47:41','1F8UUTN',13),(329,'2017-12-19 11:37:18','2017-12-21 18:21:15','FL8HHRR',3),(331,'2017-12-19 14:04:58','2017-12-19 14:04:58','8M8HNFY',4),(332,'2017-12-19 14:07:40','2017-12-19 14:07:40','3Y8SAZP',13),(333,'2017-12-19 14:13:38','2017-12-19 14:13:38','CT8D5MT',1),(334,'2017-12-19 18:24:46','2017-12-19 18:24:46','FL8HRPR',3),(335,'2017-12-19 18:28:13','2017-12-19 18:28:13','9L853HD',3),(336,'2017-12-19 18:30:10','2017-12-19 18:30:10','1F8W22N',3),(337,'2017-12-19 18:31:08','2017-12-19 18:31:08','1F8U53N',3),(338,'2017-12-20 10:52:25','2017-12-20 10:52:25','BS86Y8W',3),(339,'2017-12-20 15:48:31','2017-12-20 15:48:31','9L855ND',6),(340,'2017-12-20 16:07:48','2017-12-20 16:07:48','3E8S727',1),(342,'2017-12-20 16:11:43','2017-12-20 16:11:43','5P82FYW',2),(343,'2017-12-20 17:03:36','2017-12-20 17:03:36','1Z8UX06',3),(344,'2017-12-20 18:39:24','2017-12-25 17:32:46','AC8A9L2',6),(346,'2017-12-20 18:44:57','2017-12-20 18:44:57','698P41Y',1),(347,'2017-12-20 18:47:41','2017-12-20 18:47:41','3Y8SHUP',1),(348,'2017-12-21 11:40:16','2017-12-21 11:40:16','',6),(349,'2017-12-21 14:47:39','2017-12-21 14:47:39','3Y8SHNP',3),(350,'2017-12-21 14:48:37','2017-12-21 14:48:37','7K8RF4F',3),(351,'2017-12-21 15:03:47','2017-12-21 15:03:47','698P8KY',4),(352,'2017-12-21 18:18:32','2017-12-22 15:45:41','8M8J3AY',2),(354,'2017-12-21 18:44:07','2017-12-21 18:44:07','DG890H9',3),(355,'2017-12-22 14:15:29','2017-12-22 18:17:16','FL8HTCR',1),(357,'2017-12-22 15:52:16','2017-12-22 15:52:16','EA83E57',1),(358,'2017-12-22 16:17:32','2017-12-22 16:17:32','9485EDX',2),(359,'2017-12-22 16:20:59','2017-12-22 16:20:59','5783T5C',1),(360,'2017-12-22 16:23:49','2017-12-22 16:23:49','738P60Z',1),(363,'2017-12-22 18:18:24','2017-12-22 18:18:24','F48J5J8',1),(364,'2017-12-25 09:53:20','2017-12-25 09:53:20','7K8PNBF',13),(365,'2017-12-25 10:00:44','2017-12-25 10:00:44','7K8RFSF',3),(366,'2017-12-25 11:07:02','2017-12-25 11:07:02','AC8AM42',6),(368,'2017-12-25 13:15:33','2017-12-25 13:15:33','FL8JBLR',3),(369,'2017-12-25 13:23:36','2017-12-25 13:23:36','698PAFY',6),(370,'2017-12-25 15:30:30','2017-12-25 15:30:30','8M8JDZY',1),(372,'2017-12-25 15:53:02','2017-12-25 15:53:02','EA82FH7',1),(373,'2017-12-25 16:00:39','2017-12-25 16:00:39','G28ETSG',1),(374,'2017-12-25 16:05:51','2017-12-25 16:05:51','D0899YS',1),(375,'2017-12-25 17:11:00','2017-12-25 17:11:00','698PDCY',6),(377,'2017-12-25 17:17:06','2017-12-25 17:17:06','GJ8EY80',3),(378,'2017-12-25 17:20:03','2017-12-25 17:20:15','1F8WXXN',3),(380,'2017-12-25 17:22:10','2017-12-25 17:22:10','G28ETYG',3),(381,'2017-12-25 17:24:07','2017-12-25 17:24:07','7K8RYXF',3),(383,'2017-12-25 17:35:17','2017-12-25 17:35:17','478UXTN',1),(384,'2017-12-25 17:37:03','2017-12-25 17:37:03','3E8STK7',1),(385,'2017-12-25 17:39:28','2017-12-25 17:39:28','F48JE08',3),(386,'2018-04-26 09:58:51','2018-04-26 09:58:51','G28TPEG',3),(387,'2018-04-26 10:53:25','2018-04-28 15:14:19','9L8HJZD',1),(388,'2018-04-26 10:54:12','2018-04-26 10:54:12','5P8FSFW',3),(390,'2018-04-26 12:10:55','2018-04-26 12:10:55','CT8SF0T',3),(391,'2018-04-26 12:14:19','2018-05-02 14:04:32','1F98KZN',3),(392,'2018-04-26 12:17:14','2018-05-02 10:09:52','GJ8T3N0',3),(393,'2018-04-26 13:19:10','2018-04-26 14:48:26','3E95Y27',1),(396,'2018-04-26 16:58:55','2018-04-26 16:59:07','9L8HUGD',2),(398,'2018-04-26 17:10:29','2018-04-28 11:17:37','BS8JZUW',3),(399,'2018-04-26 17:11:43','2018-04-26 17:11:43','F48YC98',3),(400,'2018-04-27 10:09:16','2018-04-27 10:09:16','2H8ZNDX',3),(402,'2018-04-27 10:17:07','2018-04-28 11:14:23','6992PWY',3),(404,'2018-04-27 10:20:05','2018-04-27 10:20:05','578G1TC',3),(405,'2018-04-27 10:45:54','2018-04-27 10:45:54','948HNPX',3),(406,'2018-04-27 12:04:14','2018-04-27 12:04:14','3E96247',3),(407,'2018-04-27 14:15:40','2018-04-27 14:15:40','2H8ZR8X',2),(408,'2018-04-27 14:18:15','2018-04-27 16:27:25','9L8HZFD',3),(409,'2018-04-27 16:04:29','2018-04-28 11:15:12','F48Y8D8',3),(411,'2018-04-27 16:05:30','2018-04-27 16:16:41','CA8TH6A',2),(414,'2018-04-27 16:19:17','2018-05-02 16:48:11','6S93KGE',3),(416,'2018-04-27 17:32:22','2018-05-02 10:15:11','CA8THMA',3),(417,'2018-04-27 17:34:36','2018-04-27 17:34:36','4P994E6',2),(419,'2018-04-27 18:07:46','2018-04-27 18:07:57','47996MN',1),(421,'2018-04-27 18:12:22','2018-04-28 11:46:55','FL8YH8R',2),(422,'2018-04-28 09:51:07','2018-04-28 09:51:07','9L8J1ED',3),(424,'2018-04-28 10:01:20','2018-05-02 16:58:20','FL8YENR',3),(425,'2018-04-28 10:03:24','2018-04-28 10:03:24','47997DN',3),(430,'2018-04-28 13:32:00','2018-04-28 13:34:08','6993P9Y',2),(433,'2018-04-28 15:57:57','2018-05-02 16:34:45','73952GZ',10),(436,'2018-04-28 17:46:34','2018-04-28 17:46:59','3Y9688P',2),(437,'2018-05-02 09:41:45','2018-05-02 09:41:45','1F997YN',3),(438,'2018-05-02 09:43:56','2018-05-02 16:30:39','1Z997S6',3),(439,'2018-05-02 09:47:34','2018-05-02 09:47:34','5P8FDRW',2),(440,'2018-05-02 09:49:24','2018-05-02 09:49:24','FL8YLAR',3),(441,'2018-05-02 09:53:04','2018-05-02 09:53:04','D08MPWS',3),(443,'2018-05-02 10:11:25','2018-05-02 10:11:49','47989YN',3),(446,'2018-05-02 10:20:02','2018-05-02 10:20:02','CA8T0NA',3),(448,'2018-05-02 14:07:17','2018-05-02 14:07:17','AC8NTY2',3),(449,'2018-05-02 16:27:05','2018-05-02 16:27:05','FL8YU8R',3),(450,'2018-05-02 16:29:36','2018-05-02 16:29:36','4P99HD6',3),(454,'2018-05-02 16:56:55','2018-05-02 16:56:55','2H901ZX',2),(456,'2018-05-02 17:15:29','2018-05-02 17:15:29','ET8GH0P',2),(457,'2019-01-17 02:12:00','2019-01-17 02:56:54','579EXBC',1),(458,'2019-01-17 02:15:07','2019-01-17 02:34:34','B99JF8C',1),(459,'2019-01-17 02:17:15','2019-01-18 08:27:07','BS9JEXW',1),(460,'2019-01-17 02:20:30','2019-01-17 07:35:25','1ZA7T56',1),(461,'2019-01-17 02:23:49','2019-01-17 02:23:49','F49X8D8',1),(462,'2019-01-17 02:26:13','2019-01-17 02:26:22','8M9X4BY',1),(464,'2019-01-17 02:28:48','2019-01-17 04:08:37','9L9GGUD',1),(466,'2019-01-17 02:31:08','2019-01-17 06:54:15','949GH5X',1),(468,'2019-01-17 02:37:03','2019-01-17 02:37:37','9L9GP9D',1),(470,'2019-01-17 02:41:18','2019-01-17 02:58:07','6SA27ME',1),(472,'2019-01-17 02:43:19','2019-01-17 02:43:19','B99HUZC',1),(478,'2019-01-17 03:02:08','2019-01-17 03:02:08','47A7BMN',1),(479,'2019-01-17 03:13:13','2019-01-17 06:31:59','CT9SBBT',1),(480,'2019-01-17 03:15:24','2019-01-17 04:35:00','8M9XAMY',2),(482,'2019-01-17 03:20:42','2019-01-22 03:45:20','9L9FXRD',2),(483,'2019-01-17 03:48:18','2019-01-17 06:27:12','EA9F0J7',3),(485,'2019-01-17 04:07:42','2019-01-17 09:45:29','ET9ETLP',12),(487,'2019-01-17 04:11:27','2019-01-17 04:11:27','1FA7WJN',2),(488,'2019-01-17 04:32:10','2019-01-17 06:22:05','3EA4YD7',3),(491,'2019-01-17 06:24:29','2019-01-17 06:24:29','D09LBMS',12),(494,'2019-01-17 06:35:32','2019-01-17 06:35:32','EA9EX87',3),(496,'2019-01-17 07:00:19','2019-01-17 07:00:19','949F9JX',3),(497,'2019-01-17 07:33:45','2019-01-17 09:29:49','9L9GUXD',12),(499,'2019-01-17 08:38:54','2019-01-17 08:38:54','2H9YM0X',1),(500,'2019-01-17 08:40:52','2019-01-17 08:40:52','B99JHEC',1),(501,'2019-01-17 08:43:14','2019-01-17 08:43:14','5P9EZGW',1),(502,'2019-01-17 09:09:44','2019-01-17 09:09:44','579F0CC',1),(503,'2019-01-17 09:11:39','2019-01-18 02:58:48','3YA4Z6P',12),(505,'2019-01-17 09:14:14','2019-01-17 09:24:54','GJ9SW80',1),(506,'2019-01-17 09:16:16','2019-01-17 09:16:16','73A41FZ',12),(507,'2019-01-17 09:21:56','2019-01-17 09:21:56','F49X7M8',2),(509,'2019-01-17 09:26:29','2019-01-17 09:26:29','F49X6A8',12),(512,'2019-01-17 10:24:28','2019-01-21 04:01:59','6SA260E',3),(514,'2019-01-17 10:26:58','2019-01-17 10:26:58','1ZA7PT6',1),(515,'2019-01-18 01:50:03','2019-01-23 09:17:24','G29SX2G',12),(516,'2019-01-18 01:52:50','2019-01-18 02:46:11','9L9GXZD',3),(517,'2019-01-18 01:54:26','2019-01-18 01:54:26','9L9GXYD',1),(518,'2019-01-18 01:56:56','2019-01-21 03:47:38','4PA8286',12),(519,'2019-01-18 01:58:47','2019-01-18 01:58:47','3EA4ZE7',2),(520,'2019-01-18 02:29:37','2019-01-18 04:15:38','D09LFPS',1),(521,'2019-01-18 02:31:38','2019-01-18 02:47:53','7KA43DF',1),(522,'2019-01-18 02:34:56','2019-01-18 02:34:56','47A83YN',3),(525,'2019-01-18 02:44:03','2019-01-18 02:44:03','3YA4LEP',2),(528,'2019-01-18 02:48:58','2019-01-21 03:43:15','579F27C',1),(531,'2019-01-18 02:53:21','2019-01-21 04:19:04','7KA2HUF',1),(532,'2019-01-18 02:55:05','2019-01-18 02:55:14','949FR5X',3),(537,'2019-01-18 03:41:44','2019-01-18 03:41:44','4PA7U96',12),(538,'2019-01-18 04:14:30','2019-01-18 04:14:30','FL9XF7R',3),(540,'2019-01-18 04:17:38','2019-01-18 04:17:38','1674324749105750',1),(541,'2019-01-18 04:20:44','2019-01-21 07:31:40','579EXSC',3),(542,'2019-01-18 05:28:35','2019-01-21 07:35:33','1FA81AN',1),(543,'2019-01-18 05:30:23','2019-01-18 05:30:41','BS9JMDW',12),(545,'2019-01-18 05:31:59','2019-01-18 06:37:45','7KA442F',1),(546,'2019-01-18 05:35:44','2019-01-18 05:35:44','47A6XUN',3),(549,'2019-01-18 06:39:27','2019-01-21 02:53:58','73A44KZ',12),(552,'2019-01-18 06:46:30','2019-01-18 06:46:30','3EA50S7',1),(557,'2019-01-18 08:39:22','2019-01-18 08:39:22','579F4LC',1),(558,'2019-01-18 08:40:28','2019-01-21 07:01:17','47A85HN',1),(562,'2019-01-18 09:41:09','2019-01-18 09:41:09','1ZA82M6',1),(563,'2019-01-18 09:43:07','2019-01-18 09:43:07','AC9M5J2',3),(564,'2019-01-21 02:19:10','2019-01-21 06:24:06','73A4B3Z',12),(565,'2019-01-21 02:32:19','2019-01-21 03:06:30','EA9FC97',12),(566,'2019-01-21 02:34:32','2019-01-21 02:34:32','AC9MXA2',12),(571,'2019-01-21 03:01:53','2019-01-21 03:01:53','1FA831N',2),(572,'2019-01-21 03:04:21','2019-01-21 03:04:21','7KA46KF',2),(574,'2019-01-21 03:09:18','2019-01-21 04:11:02','5P9EENW',12),(576,'2019-01-21 03:11:36','2019-01-21 03:11:36','3YA59AP',1),(577,'2019-01-21 03:13:37','2019-01-21 03:13:37','7KA49SF',12),(578,'2019-01-21 03:16:04','2019-01-22 02:22:52','D09LMGS',12),(580,'2019-01-21 03:19:19','2019-01-21 03:36:59','DG9LLS9',2),(582,'2019-01-21 03:21:56','2019-01-24 09:45:19','7KA48FF',12),(583,'2019-01-21 03:25:55','2019-01-21 03:25:55','1ZA83B6',2),(584,'2019-01-21 03:28:41','2019-01-21 03:54:42','2H9YMJX',2),(585,'2019-01-21 03:30:54','2019-01-22 03:05:14','CA9SPEA',1),(586,'2019-01-21 03:33:44','2019-01-21 03:33:44','D09LNJS',3),(587,'2019-01-21 03:34:59','2019-01-21 03:34:59','F49XLH8',1),(589,'2019-01-21 03:38:33','2019-01-21 03:38:33','EA9F8H7',1),(590,'2019-01-21 03:39:40','2019-01-21 03:39:40','4PA87P6',1),(592,'2019-01-21 03:44:55','2019-01-22 06:50:09','BS9JKHW',12),(594,'2019-01-21 03:52:02','2019-01-21 03:52:02','CA9SK8A',12),(596,'2019-01-21 03:56:25','2019-01-22 09:31:41','AW9MTUJ',12),(597,'2019-01-21 03:59:41','2019-01-21 03:59:41','219YF9D',1),(599,'2019-01-21 04:03:37','2019-01-21 04:03:37','1FA79DN',3),(600,'2019-01-21 04:08:16','2019-01-21 04:08:16','3EA5B07',1),(602,'2019-01-21 04:14:54','2019-01-21 04:14:54','5P9E7CW',3),(603,'2019-01-21 04:17:31','2019-01-21 04:17:31','579D94C',2),(605,'2019-01-21 04:22:53','2019-01-21 04:22:53','579DNCC',7),(606,'2019-01-21 04:24:48','2019-01-21 04:24:48','1ZA6XR6',3),(607,'2019-01-21 05:59:54','2019-01-21 07:40:18','BS9JX8W',2),(610,'2019-01-21 06:57:24','2019-01-21 06:57:24','5P9DYDW',1),(611,'2019-01-21 06:59:01','2019-01-21 07:26:09','1ZA89W6',1),(617,'2019-01-21 07:33:37','2019-01-21 07:33:37','GJ9T7Y0',1),(620,'2019-01-21 07:43:34','2019-01-21 07:43:34','6SA2RCE',1),(621,'2019-01-21 07:47:23','2019-01-21 09:03:10','47A8CEN',1),(622,'2019-01-21 08:38:26','2019-01-21 08:54:20','949H8YX',1),(623,'2019-01-21 08:41:53','2019-01-22 07:11:10','3EA5CF7',1),(624,'2019-01-21 08:44:25','2019-01-21 08:44:25','DG9LT49',3),(625,'2019-01-21 08:46:41','2019-01-21 10:04:04','F49XS58',4),(626,'2019-01-21 08:49:04','2019-01-24 02:06:14','ET9FF8P',3),(628,'2019-01-21 08:56:14','2019-01-21 08:56:14','CA9SS0A',1),(632,'2019-01-21 09:46:23','2019-01-21 09:46:23','859XTDE',3),(633,'2019-01-21 09:49:25','2019-01-21 09:49:25','4PA8F26',3),(634,'2019-01-21 09:56:39','2019-01-21 09:56:39','219Z2JD',3),(636,'2019-01-22 02:16:48','2019-01-22 02:16:48','7KA4EWF',1),(639,'2019-01-22 02:26:13','2019-01-22 02:26:13','F49XU68',1),(640,'2019-01-22 02:28:11','2019-01-22 02:28:11','73A4F5Z',12),(641,'2019-01-22 02:31:34','2019-01-22 02:31:34','AW9N46J',1),(642,'2019-01-22 02:35:12','2019-01-22 02:35:12','CA9SUJA',4),(645,'2019-01-22 02:41:55','2019-01-22 06:46:47','AW9N41J',1),(647,'2019-01-22 02:53:00','2019-01-22 02:53:00','3YA4KFP',1),(648,'2019-01-22 03:01:30','2019-01-22 04:57:16','B99K1BC',1),(650,'2019-01-22 03:07:23','2019-01-22 03:07:23','2H9YZUX',1),(651,'2019-01-22 03:09:07','2019-01-22 03:09:07','G29S81G',1),(655,'2019-01-22 04:44:37','2019-01-22 04:44:37','69A31CY',1),(656,'2019-01-22 04:47:17','2019-01-22 06:03:26','73A4H0Z',3),(658,'2019-01-22 04:51:44','2019-01-22 04:51:44','8M9XWHY',3),(659,'2019-01-22 04:52:47','2019-01-22 04:52:47','AW9N5NJ',1),(660,'2019-01-22 04:55:50','2019-01-22 06:22:32','3EA5F67',3),(664,'2019-01-22 06:08:58','2019-01-22 06:41:42','ET9FJMP',1),(665,'2019-01-22 06:14:39','2019-01-22 06:14:39','DG9LXP9',3),(671,'2019-01-22 06:58:21','2019-01-22 07:35:12','D09LY3S',1),(672,'2019-01-22 07:01:28','2019-01-22 07:01:28','G29TCCG',1),(673,'2019-01-22 07:03:11','2019-01-22 09:29:43','69A30AY',12),(675,'2019-01-22 07:13:24','2019-01-25 02:29:45','3EA5GN7',1),(677,'2019-01-22 09:17:34','2019-01-22 09:17:34','219Z6SD',3),(678,'2019-01-22 09:19:37','2019-01-22 09:19:37','4PA8KD6',1),(679,'2019-01-22 09:24:07','2019-01-22 09:24:07','219Z6TD',3),(682,'2019-01-22 10:16:43','2019-01-23 02:13:56','CT9SZTT',1),(683,'2019-01-23 02:06:58','2019-01-23 02:06:58','2H9Z85X',1),(684,'2019-01-23 02:08:14','2019-01-23 02:08:49','8M9XZWY',12),(686,'2019-01-23 02:11:43','2019-01-23 03:08:48','69A33EY',1),(689,'2019-01-23 02:18:24','2019-01-23 04:40:30','859XYLE',12),(690,'2019-01-23 02:20:47','2019-01-23 02:20:47','949HDXX',2),(691,'2019-01-23 02:24:23','2019-01-23 02:24:23','AW9MMKJ',2),(695,'2019-01-23 03:06:26','2019-01-23 03:06:26','EA9FN57',1),(698,'2019-01-23 04:15:51','2019-01-23 04:15:51','69A35SY',1),(699,'2019-01-23 04:27:18','2019-01-23 04:27:18','69A35LY',7),(700,'2019-01-23 04:29:50','2019-01-23 05:30:46','219Z9GD',7),(701,'2019-01-23 04:32:38','2019-01-23 04:32:38','GJ9TG20',1),(702,'2019-01-23 04:35:52','2019-01-25 02:33:16','GJ9TFL0',2),(703,'2019-01-23 04:37:28','2019-01-23 04:39:26','AW9NA0J',7),(710,'2019-01-23 06:48:41','2019-01-24 09:21:44','5P9FLYW',12),(711,'2019-01-23 06:49:40','2019-01-23 06:49:40','3EA5M17',1),(712,'2019-01-23 07:19:04','2019-01-23 07:47:37','AW9NBRJ',2),(717,'2019-01-23 08:07:57','2019-01-23 08:07:57','ET9FNSP',4),(718,'2019-01-23 08:35:58','2019-01-23 08:35:58','CT9T1BT',1),(722,'2019-01-23 09:14:46','2019-01-23 09:14:46','D09M3KS',1),(724,'2019-01-23 09:51:51','2019-01-23 09:51:51','GJ9TJF0',7),(725,'2019-01-24 01:47:02','2019-01-24 06:00:18','949HLCX',1),(726,'2019-01-24 01:49:24','2019-01-24 01:49:24','D09M4FS',12),(727,'2019-01-24 01:51:03','2019-01-24 01:51:03','4PA8RY6',1),(728,'2019-01-24 01:53:53','2019-01-24 01:54:06','859Y3YE',3),(731,'2019-01-24 02:10:16','2019-01-24 02:11:32','BS9GMKW',2),(733,'2019-01-24 02:19:48','2019-01-24 07:06:33','CT9T45T',12),(734,'2019-01-24 02:53:48','2019-01-24 02:53:48','AW9NETJ',1),(735,'2019-01-24 03:04:34','2019-01-24 03:23:44','B99K8YC',1),(738,'2019-01-24 04:24:10','2019-01-24 07:04:44','FL9Y2NR',4),(739,'2019-01-24 04:25:50','2019-01-24 04:25:50','D09M6CS',2),(740,'2019-01-24 05:47:57','2019-01-24 05:57:36','6SA39JE',12),(741,'2019-01-24 05:49:59','2019-01-25 02:11:48','7KA4TBF',1),(742,'2019-01-24 05:53:38','2019-01-25 02:14:03','2H9ZDWX',12),(745,'2019-01-24 05:59:20','2019-01-24 06:17:06','2H9ZE4X',12),(747,'2019-01-24 06:01:46','2019-01-24 06:01:46','7KA3UTF',1),(748,'2019-01-24 06:15:51','2019-01-24 06:15:51','CT9T7FT',2),(752,'2019-01-24 07:10:06','2019-01-24 07:10:06','D09M6JS',3),(753,'2019-01-24 07:43:27','2019-01-24 07:43:27','579FT7C',12),(754,'2019-01-24 08:12:27','2019-01-25 07:49:19','FL9XG8R',12),(760,'2019-01-25 01:54:12','2019-01-25 01:54:12','47A8Y0N',1),(761,'2019-01-25 01:56:05','2019-01-25 01:56:05','DG9M9E9',2),(762,'2019-01-25 01:58:31','2019-01-25 02:26:47','AW9NJ2J',2),(763,'2019-01-25 02:00:33','2019-01-25 02:00:33','FL9Y8GR',1),(764,'2019-01-25 02:01:57','2019-01-25 02:52:27','AW9NJ0J',1),(765,'2019-01-25 02:03:14','2019-01-25 02:03:14','EA9FY07',1),(766,'2019-01-25 02:04:40','2019-01-25 02:04:40','EA9FXT7',1),(767,'2019-01-25 02:06:23','2019-01-25 02:28:17','8M9Y83Y',12),(768,'2019-01-25 02:07:40','2019-01-25 02:07:40','AW9NH5J',1),(769,'2019-01-25 02:08:50','2019-01-25 02:08:50','BS9KCFW',12),(774,'2019-01-25 02:24:50','2019-01-25 02:24:50','859Y9KE',2),(779,'2019-01-25 02:45:39','2019-01-25 02:45:39','AC9NK02',2),(782,'2019-01-25 03:52:38','2019-01-25 03:52:38','9L9HSND',1),(783,'2019-01-25 03:58:06','2019-01-25 03:58:06','GJ9TPZ0',1),(784,'2019-01-25 04:34:41','2019-01-25 04:34:41','EA9F7L7',12),(785,'2019-01-25 04:37:13','2019-01-25 04:37:13','DG9MAM9',1),(786,'2019-01-25 04:38:45','2019-01-25 04:38:45','949HT5X',1),(787,'2019-01-25 05:32:40','2019-01-25 05:32:40','G29TLEG',12),(788,'2019-01-25 06:02:56','2019-01-25 06:02:56','859YAYE',3),(789,'2019-01-25 06:04:43','2019-01-25 08:34:34','G29TMCG',1),(791,'2019-01-25 06:51:57','2019-01-25 06:51:57','EA9G0G7',3),(793,'2019-01-25 06:56:33','2019-01-25 09:40:14','69A3FBY',1),(794,'2019-01-25 06:59:26','2019-01-25 06:59:26','1ZA7GS6',3),(795,'2019-01-25 07:02:53','2019-01-25 07:02:53','73A4Z0Z',1),(797,'2019-01-25 07:54:53','2019-01-25 07:54:53','FL9Y24R',3),(799,'2019-01-25 08:35:31','2019-01-25 08:35:31','3EA5YE7',1);
/*!40000 ALTER TABLE `t_workorder` ENABLE KEYS */;
UNLOCK TABLES;
/*!40103 SET TIME_ZONE=@OLD_TIME_ZONE */;

/*!40101 SET SQL_MODE=@OLD_SQL_MODE */;
/*!40014 SET FOREIGN_KEY_CHECKS=@OLD_FOREIGN_KEY_CHECKS */;
/*!40014 SET UNIQUE_CHECKS=@OLD_UNIQUE_CHECKS */;
/*!40101 SET CHARACTER_SET_CLIENT=@OLD_CHARACTER_SET_CLIENT */;
/*!40101 SET CHARACTER_SET_RESULTS=@OLD_CHARACTER_SET_RESULTS */;
/*!40101 SET COLLATION_CONNECTION=@OLD_COLLATION_CONNECTION */;
/*!40111 SET SQL_NOTES=@OLD_SQL_NOTES */;

-- Dump completed on 2019-01-25  9:46:29
